archive_class	stored_path	original_path	size_bytes	original_sha256	stored_or_portable_sha256	path_substitutions	scientific_role
stored_in_git	results/frozen/forensic/artifact_manifest.json	/mnt/NAS/data/hl5757/generated_artifacts/flowspec-vla/forensic/artifact_manifest.json	4167	f32341617adbbf5382b0c788ecc9a97f90244497cd84e87ff6d4ded919f9e395	f32341617adbbf5382b0c788ecc9a97f90244497cd84e87ff6d4ded919f9e395	NONE_BYTE_IDENTICAL_COPY	frozen structured/figure evidence
stored_in_git	results/frozen/forensic/dataloader_state_audit.json	/mnt/NAS/data/hl5757/generated_artifacts/flowspec-vla/forensic/dataloader_state_audit.json	953	b2a38149acb645e2c08412b9172204ed900c66e6e272ce64856a1c6b4741c285	b2a38149acb645e2c08412b9172204ed900c66e6e272ce64856a1c6b4741c285	NONE_BYTE_IDENTICAL_COPY	frozen structured/figure evidence
stored_in_git	results/frozen/forensic/first_divergence.json	/mnt/NAS/data/hl5757/generated_artifacts/flowspec-vla/forensic/first_divergence.json	912	e4ab69caf6c57b26a57daf40afea1dfb8df103dd4b4fd70170e97fda195e57dc	e4ab69caf6c57b26a57daf40afea1dfb8df103dd4b4fd70170e97fda195e57dc	NONE_BYTE_IDENTICAL_COPY	frozen structured/figure evidence
stored_in_git	results/frozen/forensic/fix_verification.json	/mnt/NAS/data/hl5757/generated_artifacts/flowspec-vla/forensic/fix_verification.json	794	fe5d9d51e9fb47b4ff77d68d5cad6a416f6589fcb9532201b750fe3f741d51dc	fe5d9d51e9fb47b4ff77d68d5cad6a416f6589fcb9532201b750fe3f741d51dc	NONE_BYTE_IDENTICAL_COPY	frozen structured/figure evidence
stored_in_git	results/frozen/forensic/fresh_run_comparison.json	/mnt/NAS/data/hl5757/generated_artifacts/flowspec-vla/forensic/fresh_run_comparison.json	22218	16c56f8580f3d26b7f3289e88fc1b7031bb253fb23611c545a0ce62e1459b7f7	16c56f8580f3d26b7f3289e88fc1b7031bb253fb23611c545a0ce62e1459b7f7	NONE_BYTE_IDENTICAL_COPY	frozen structured/figure evidence
stored_in_git	results/frozen/forensic/gpu_usage.json	/mnt/NAS/data/hl5757/generated_artifacts/flowspec-vla/forensic/gpu_usage.json	1166	aa8073452bcb7a4bdb9635f85f02e2b55fca14c01638a8ca5eee622d99f9edb8	aa8073452bcb7a4bdb9635f85f02e2b55fca14c01638a8ca5eee622d99f9edb8	NONE_BYTE_IDENTICAL_COPY	frozen structured/figure evidence
stored_in_git	results/frozen/forensic/one_step_replay.json	/mnt/NAS/data/hl5757/generated_artifacts/flowspec-vla/forensic/one_step_replay.json	2901	31c17bd533e054fbb466db22cffe806f0d7e0707e9944503627495e93158a03a	31c17bd533e054fbb466db22cffe806f0d7e0707e9944503627495e93158a03a	NONE_BYTE_IDENTICAL_COPY	frozen structured/figure evidence
stored_in_git	results/frozen/forensic/one_step_replay_default.json	/mnt/NAS/data/hl5757/generated_artifacts/flowspec-vla/forensic/one_step_replay_default.json	30031	64355acd119bc70eca60b6d62cd3ecb66ce6a61e396ae2d26885efde5c21240c	64355acd119bc70eca60b6d62cd3ecb66ce6a61e396ae2d26885efde5c21240c	NONE_BYTE_IDENTICAL_COPY	frozen structured/figure evidence
stored_in_git	results/frozen/forensic/one_step_replay_deterministic.json	/mnt/NAS/data/hl5757/generated_artifacts/flowspec-vla/forensic/one_step_replay_deterministic.json	29903	1b01012038c02fe3a9ae14caf7d5b1dace318032c3a1dabef10f39027349afcb	1b01012038c02fe3a9ae14caf7d5b1dace318032c3a1dabef10f39027349afcb	NONE_BYTE_IDENTICAL_COPY	frozen structured/figure evidence
stored_in_git	results/frozen/forensic/resume_comparison.json	/mnt/NAS/data/hl5757/generated_artifacts/flowspec-vla/forensic/resume_comparison.json	1180	ddf8ca5d440b5441630b6daacd0d19aa1fb65338bd0306f6061dd235d5106dbc	ddf8ca5d440b5441630b6daacd0d19aa1fb65338bd0306f6061dd235d5106dbc	NONE_BYTE_IDENTICAL_COPY	frozen structured/figure evidence
stored_in_git	results/frozen/forensic/rng_state_audit.json	/mnt/NAS/data/hl5757/generated_artifacts/flowspec-vla/forensic/rng_state_audit.json	886	4604e7200f58e238a8bb542d874fd29f8fff7a2d95c129908741e8424799690a	4604e7200f58e238a8bb542d874fd29f8fff7a2d95c129908741e8424799690a	NONE_BYTE_IDENTICAL_COPY	frozen structured/figure evidence
stored_in_git	results/frozen/gate0/artifact_manifest.json	/mnt/NAS/data/hl5757/generated_artifacts/flowspec-vla/gate0/artifact_manifest.json	15201	918075ef60c45eed58cee981b3db3b140b816d742af708a4c5dd289df0a2fc99	918075ef60c45eed58cee981b3db3b140b816d742af708a4c5dd289df0a2fc99	NONE_BYTE_IDENTICAL_COPY	frozen structured/figure evidence
stored_in_git	results/frozen/gate0/environment.json	/mnt/NAS/data/hl5757/generated_artifacts/flowspec-vla/gate0/environment.json	10345	2338d3495a53488ec76761b1258ef1089f55f301a448c8269defd2c1d61cb904	2338d3495a53488ec76761b1258ef1089f55f301a448c8269defd2c1d61cb904	NONE_BYTE_IDENTICAL_COPY	frozen structured/figure evidence
stored_in_git	results/frozen/gate0/gate0a_effects.png	/mnt/NAS/data/hl5757/generated_artifacts/flowspec-vla/gate0/gate0a_effects.png	137163	27e696ddebb9136b1299767daba3f100f819864bcfb1c69dfb2f22d4d51734e5	27e696ddebb9136b1299767daba3f100f819864bcfb1c69dfb2f22d4d51734e5	NONE_BYTE_IDENTICAL_COPY	frozen structured/figure evidence
stored_in_git	results/frozen/gate0/gate0a_per_state.csv	/mnt/NAS/data/hl5757/generated_artifacts/flowspec-vla/gate0/gate0a_per_state.csv	8830	8cf01c2dde01880044b183012df3afeb579099ab11b87591195aa6c875977e99	8cf01c2dde01880044b183012df3afeb579099ab11b87591195aa6c875977e99	NONE_BYTE_IDENTICAL_COPY	frozen structured/figure evidence
stored_in_git	results/frozen/gate0/gate0a_run_shard0.json	/mnt/NAS/data/hl5757/generated_artifacts/flowspec-vla/gate0/gate0a_run_shard0.json	10775	7e62e25d8ecbafea82ceb8fc5845bb8fe8c23e14b3f226a18a0f6a63383d8e2a	7e62e25d8ecbafea82ceb8fc5845bb8fe8c23e14b3f226a18a0f6a63383d8e2a	NONE_BYTE_IDENTICAL_COPY	frozen structured/figure evidence
stored_in_git	results/frozen/gate0/gate0a_run_shard1.json	/mnt/NAS/data/hl5757/generated_artifacts/flowspec-vla/gate0/gate0a_run_shard1.json	10781	9caeefe487e994fbbf5c44007093651096c919f164f7b806113020fbc3e53d36	9caeefe487e994fbbf5c44007093651096c919f164f7b806113020fbc3e53d36	NONE_BYTE_IDENTICAL_COPY	frozen structured/figure evidence
stored_in_git	results/frozen/gate0/gate0a_summary.json	/mnt/NAS/data/hl5757/generated_artifacts/flowspec-vla/gate0/gate0a_summary.json	3584	f31e4b966c1ad02a039f5dabfba8f2b3511c6ceabc535cbe88e6eff20459d3e6	f31e4b966c1ad02a039f5dabfba8f2b3511c6ceabc535cbe88e6eff20459d3e6	NONE_BYTE_IDENTICAL_COPY	frozen structured/figure evidence
stored_in_git	results/frozen/gate0/gate0b_dynamics.png	/mnt/NAS/data/hl5757/generated_artifacts/flowspec-vla/gate0/gate0b_dynamics.png	188768	aefb0a436db382f8359e9879caffa52ce4eee8f8b6dce1dfe060d3067c69ca7d	aefb0a436db382f8359e9879caffa52ce4eee8f8b6dce1dfe060d3067c69ca7d	NONE_BYTE_IDENTICAL_COPY	frozen structured/figure evidence
stored_in_git	results/frozen/gate0/gate0b_group_scaled.npz	/mnt/NAS/data/hl5757/generated_artifacts/flowspec-vla/gate0/gate0b_group_scaled.npz	92374	7e60bf982bdd4aa563f2fb19954b0704079e94b3adc7260970b2b63d4f549463	7e60bf982bdd4aa563f2fb19954b0704079e94b3adc7260970b2b63d4f549463	NONE_BYTE_IDENTICAL_COPY	frozen structured/figure evidence
stored_in_git	results/frozen/gate0/gate0b_group_scaled_run.json	/mnt/NAS/data/hl5757/generated_artifacts/flowspec-vla/gate0/gate0b_group_scaled_run.json	18877	8729ca2893dbabd41cb9544b4f636f5dcaadd74a7c9506f1e8d420411c210108	8729ca2893dbabd41cb9544b4f636f5dcaadd74a7c9506f1e8d420411c210108	NONE_BYTE_IDENTICAL_COPY	frozen structured/figure evidence
stored_in_git	results/frozen/gate0/gate0b_group_scaled_seed430002.npz	/mnt/NAS/data/hl5757/generated_artifacts/flowspec-vla/gate0/gate0b_group_scaled_seed430002.npz	92359	30cd62b821ce123510db8b25fa76140c04bbd8bdcaff901cf5dd1ffde3471a91	30cd62b821ce123510db8b25fa76140c04bbd8bdcaff901cf5dd1ffde3471a91	NONE_BYTE_IDENTICAL_COPY	frozen structured/figure evidence
stored_in_git	results/frozen/gate0/gate0b_group_scaled_seed430002_run.json	/mnt/NAS/data/hl5757/generated_artifacts/flowspec-vla/gate0/gate0b_group_scaled_seed430002_run.json	18898	aa9efb570fc24d09c22bd81f7ac69f457191dfa16bbfa11616eef0ad98424308	aa9efb570fc24d09c22bd81f7ac69f457191dfa16bbfa11616eef0ad98424308	NONE_BYTE_IDENTICAL_COPY	frozen structured/figure evidence
stored_in_git	results/frozen/gate0/gate0b_local.npz	/mnt/NAS/data/hl5757/generated_artifacts/flowspec-vla/gate0/gate0b_local.npz	92145	f2a4e6dcf8c43096309014bde74b48c09b8243bc7fe18668b3e1d945040a0c2a	f2a4e6dcf8c43096309014bde74b48c09b8243bc7fe18668b3e1d945040a0c2a	NONE_BYTE_IDENTICAL_COPY	frozen structured/figure evidence
stored_in_git	results/frozen/gate0/gate0b_local_run.json	/mnt/NAS/data/hl5757/generated_artifacts/flowspec-vla/gate0/gate0b_local_run.json	18896	5a887cd9d0a583302afb9c2b781e0fcab80ca2bf82fa7f730292ca4dd28d7b4d	5a887cd9d0a583302afb9c2b781e0fcab80ca2bf82fa7f730292ca4dd28d7b4d	NONE_BYTE_IDENTICAL_COPY	frozen structured/figure evidence
stored_in_git	results/frozen/gate0/gate0b_local_seed430002.npz	/mnt/NAS/data/hl5757/generated_artifacts/flowspec-vla/gate0/gate0b_local_seed430002.npz	92081	23fa39c506b8461e57a6505465f2601a270e5f358a7ae69f11818530b3a399bc	23fa39c506b8461e57a6505465f2601a270e5f358a7ae69f11818530b3a399bc	NONE_BYTE_IDENTICAL_COPY	frozen structured/figure evidence
stored_in_git	results/frozen/gate0/gate0b_local_seed430002_run.json	/mnt/NAS/data/hl5757/generated_artifacts/flowspec-vla/gate0/gate0b_local_seed430002_run.json	18893	e0cd0a19933cf9ac90e1c34bc6d222865e7b26902c06281abf4b650609ee1a21	e0cd0a19933cf9ac90e1c34bc6d222865e7b26902c06281abf4b650609ee1a21	NONE_BYTE_IDENTICAL_COPY	frozen structured/figure evidence
stored_in_git	results/frozen/gate0/gate0b_official.npz	/mnt/NAS/data/hl5757/generated_artifacts/flowspec-vla/gate0/gate0b_official.npz	92229	9e38b4af980b9b787b9419b081fe0f9ae02b39d4d97ac832b0a06a163827d3a0	9e38b4af980b9b787b9419b081fe0f9ae02b39d4d97ac832b0a06a163827d3a0	NONE_BYTE_IDENTICAL_COPY	frozen structured/figure evidence
stored_in_git	results/frozen/gate0/gate0b_official_run.json	/mnt/NAS/data/hl5757/generated_artifacts/flowspec-vla/gate0/gate0b_official_run.json	18894	35878078ce3a35d5f451fe3bab5efd11f1487ecad122328758e40cb65a25867b	35878078ce3a35d5f451fe3bab5efd11f1487ecad122328758e40cb65a25867b	NONE_BYTE_IDENTICAL_COPY	frozen structured/figure evidence
stored_in_git	results/frozen/gate0/gate0b_official_seed430002.npz	/mnt/NAS/data/hl5757/generated_artifacts/flowspec-vla/gate0/gate0b_official_seed430002.npz	92325	dc361c5647c9d3f9cd19a34637133164ad01c25447e1b068f56506f311022631	dc361c5647c9d3f9cd19a34637133164ad01c25447e1b068f56506f311022631	NONE_BYTE_IDENTICAL_COPY	frozen structured/figure evidence
stored_in_git	results/frozen/gate0/gate0b_official_seed430002_run.json	/mnt/NAS/data/hl5757/generated_artifacts/flowspec-vla/gate0/gate0b_official_seed430002_run.json	18901	30dc00a4d48e5a98e3c6ec53dc4e46ea3086f8f6e5dc2fd60b7c05f29b9e8698	30dc00a4d48e5a98e3c6ec53dc4e46ea3086f8f6e5dc2fd60b7c05f29b9e8698	NONE_BYTE_IDENTICAL_COPY	frozen structured/figure evidence
stored_in_git	results/frozen/gate0/gate0b_summary.json	/mnt/NAS/data/hl5757/generated_artifacts/flowspec-vla/gate0/gate0b_summary.json	20524	a5a915041b5f211ba29bf42b536593a88fdb2d337fb6b9b1fa16c70b1988007d	a5a915041b5f211ba29bf42b536593a88fdb2d337fb6b9b1fa16c70b1988007d	NONE_BYTE_IDENTICAL_COPY	frozen structured/figure evidence
stored_in_git	results/frozen/gate0/gate0b_transforms.json	/mnt/NAS/data/hl5757/generated_artifacts/flowspec-vla/gate0/gate0b_transforms.json	1575	e3765d9457965be71e2cc5535e76f80cb6bf4cdfbd0ae352745caba93851466c	e3765d9457965be71e2cc5535e76f80cb6bf4cdfbd0ae352745caba93851466c	NONE_BYTE_IDENTICAL_COPY	frozen structured/figure evidence
stored_in_git	results/frozen/gate0/state_manifest.json	/mnt/NAS/data/hl5757/generated_artifacts/flowspec-vla/gate0/state_manifest.json	53304	ea4cfe4bc36768768e41d9d814d456655957bf58a25a587b28cadc85c0085caf	ea4cfe4bc36768768e41d9d814d456655957bf58a25a587b28cadc85c0085caf	NONE_BYTE_IDENTICAL_COPY	frozen structured/figure evidence
stored_in_git	results/frozen/gate0/substrate_smoke.json	/mnt/NAS/data/hl5757/generated_artifacts/flowspec-vla/gate0/substrate_smoke.json	1163	a28d52d69475eb33ed8589e8777d4f5beac67bcb663c88bbe6857ce918b928e7	a28d52d69475eb33ed8589e8777d4f5beac67bcb663c88bbe6857ce918b928e7	NONE_BYTE_IDENTICAL_COPY	frozen structured/figure evidence
historical_invalid	results/frozen/historical_invalid_phase1/artifact_manifest.json	/mnt/NAS/data/hl5757/generated_artifacts/flowspec-vla/phase1/artifact_manifest.json	41901	f577e1d59dfcc15039170e9eac95c9a4d873cb67c0b7d0959e133f24a9680b91	f577e1d59dfcc15039170e9eac95c9a4d873cb67c0b7d0959e133f24a9680b91	NONE_BYTE_IDENTICAL_COPY	frozen structured/figure evidence
historical_invalid	results/frozen/historical_invalid_phase1/baseline_reproduction_summary.json	/mnt/NAS/data/hl5757/generated_artifacts/flowspec-vla/phase1/baseline_reproduction_summary.json	4599	4c42c113e70f1dc63d7e970840cd289ad7e295ed547c5400d7c731d9d9ccb096	4c42c113e70f1dc63d7e970840cd289ad7e295ed547c5400d7c731d9d9ccb096	NONE_BYTE_IDENTICAL_COPY	frozen structured/figure evidence
historical_invalid	results/frozen/historical_invalid_phase1/diagnostics_gpu_usage.json	/mnt/NAS/data/hl5757/generated_artifacts/flowspec-vla/phase1/diagnostics_gpu_usage.json	310	8f164e42b1aaeb77c6b82582b9e0f5ee38a2d238234943c92e096a3765938118	8f164e42b1aaeb77c6b82582b9e0f5ee38a2d238234943c92e096a3765938118	NONE_BYTE_IDENTICAL_COPY	frozen structured/figure evidence
historical_invalid	results/frozen/historical_invalid_phase1/environment.json	/mnt/NAS/data/hl5757/generated_artifacts/flowspec-vla/phase1/environment.json	10645	8672583a4a77c9c49b687307d185d1517ec731c5d5bfc31231e559d4e6d0ea2e	8672583a4a77c9c49b687307d185d1517ec731c5d5bfc31231e559d4e6d0ea2e	NONE_BYTE_IDENTICAL_COPY	frozen structured/figure evidence
historical_invalid	results/frozen/historical_invalid_phase1/gpu_usage.json	/mnt/NAS/data/hl5757/generated_artifacts/flowspec-vla/phase1/gpu_usage.json	1062	dd433a216c4b0e40312e893cdc5fc66c532f1629589a9693aee9c1b5ec35dfa6	dd433a216c4b0e40312e893cdc5fc66c532f1629589a9693aee9c1b5ec35dfa6	NONE_BYTE_IDENTICAL_COPY	frozen structured/figure evidence
historical_invalid	results/frozen/historical_invalid_phase1/implementation_verification.json	/mnt/NAS/data/hl5757/generated_artifacts/flowspec-vla/phase1/implementation_verification.json	5141	1a610712d186da1debf0344f9f4c520ca0e1b89b94f76053dcd7b29cc109cd53	1a610712d186da1debf0344f9f4c520ca0e1b89b94f76053dcd7b29cc109cd53	NONE_BYTE_IDENTICAL_COPY	frozen structured/figure evidence
historical_invalid	results/frozen/historical_invalid_phase1/leakage_audit_summary.json	/mnt/NAS/data/hl5757/generated_artifacts/flowspec-vla/phase1/leakage_audit_summary.json	323	965c67853642ef0118403a9164f3d5d10a6214446d9bf1f957c845e9cbb532a9	965c67853642ef0118403a9164f3d5d10a6214446d9bf1f957c845e9cbb532a9	NONE_BYTE_IDENTICAL_COPY	frozen structured/figure evidence
historical_invalid	results/frozen/historical_invalid_phase1/per_seed_final_metric.png	/mnt/NAS/data/hl5757/generated_artifacts/flowspec-vla/phase1/per_seed_final_metric.png	53052	0f9a26330f9202d2c0761c954aced2ea2665f6accf6db0ac628f4bbb9831b3cf	0f9a26330f9202d2c0761c954aced2ea2665f6accf6db0ac628f4bbb9831b3cf	NONE_BYTE_IDENTICAL_COPY	frozen structured/figure evidence
historical_invalid	results/frozen/historical_invalid_phase1/reproducibility_audit_summary.json	/mnt/NAS/data/hl5757/generated_artifacts/flowspec-vla/phase1/reproducibility_audit_summary.json	2667	67c385993da823abfbf632d7bad863f586bb9865166c5787b205e87f5c140e1a	67c385993da823abfbf632d7bad863f586bb9865166c5787b205e87f5c140e1a	NONE_BYTE_IDENTICAL_COPY	frozen structured/figure evidence
historical_invalid	results/frozen/historical_invalid_phase1/reproducibility_failure.png	/mnt/NAS/data/hl5757/generated_artifacts/flowspec-vla/phase1/reproducibility_failure.png	52395	382b7fa315cb3a46fd398113620a5ef0478e967c4b5e82a15aff141257d00431	382b7fa315cb3a46fd398113620a5ef0478e967c4b5e82a15aff141257d00431	NONE_BYTE_IDENTICAL_COPY	frozen structured/figure evidence
historical_invalid	results/frozen/historical_invalid_phase1/rollout_summary.json	/mnt/NAS/data/hl5757/generated_artifacts/flowspec-vla/phase1/rollout_summary.json	219	6b624beefeb9406305c03f946b5486eb177eef680e3cb812689bf71373254c49	6b624beefeb9406305c03f946b5486eb177eef680e3cb812689bf71373254c49	NONE_BYTE_IDENTICAL_COPY	frozen structured/figure evidence
historical_invalid	results/frozen/historical_invalid_phase1/split_manifest.json	/mnt/NAS/data/hl5757/generated_artifacts/flowspec-vla/phase1/split_manifest.json	650249	b3150f3a4893f7f20167186a47f9f41a372eda0e95e1f91b6a6cb0851d32def0	b3150f3a4893f7f20167186a47f9f41a372eda0e95e1f91b6a6cb0851d32def0	NONE_BYTE_IDENTICAL_COPY	frozen structured/figure evidence
historical_invalid	results/frozen/historical_invalid_phase1/training_summary.json	/mnt/NAS/data/hl5757/generated_artifacts/flowspec-vla/phase1/training_summary.json	6156	59249c485cd99bd59095217ac134fa489dc4ac5d47e3a6790134e824228f2bae	59249c485cd99bd59095217ac134fa489dc4ac5d47e3a6790134e824228f2bae	NONE_BYTE_IDENTICAL_COPY	frozen structured/figure evidence
historical_invalid	results/frozen/historical_invalid_phase1/validation_error_vs_updates.png	/mnt/NAS/data/hl5757/generated_artifacts/flowspec-vla/phase1/validation_error_vs_updates.png	104926	05ae120b2c792c6e4a2496d4f92c3277f2eec1decf255e557d1ccf4911d04400	05ae120b2c792c6e4a2496d4f92c3277f2eec1decf255e557d1ccf4911d04400	NONE_BYTE_IDENTICAL_COPY	frozen structured/figure evidence
historical_invalid	results/frozen/historical_invalid_phase1/validation_summary.json	/mnt/NAS/data/hl5757/generated_artifacts/flowspec-vla/phase1/validation_summary.json	36013	35d9bf898eb10eed37ad5eaca1d91d8e954990b63f20533d32aa5b1854cf285a	35d9bf898eb10eed37ad5eaca1d91d8e954990b63f20533d32aa5b1854cf285a	NONE_BYTE_IDENTICAL_COPY	frozen structured/figure evidence
stored_in_git	results/frozen/phase1_clean/artifact_manifest.json	/mnt/NAS/data/hl5757/generated_artifacts/flowspec-vla/phase1_rerun/artifact_manifest.json	6357	9a7de94657ed2fe5c266a7222eb69f6a62c16698d0f7523780ab7111b3526185	9a7de94657ed2fe5c266a7222eb69f6a62c16698d0f7523780ab7111b3526185	NONE_BYTE_IDENTICAL_COPY	frozen structured/figure evidence
stored_in_git	results/frozen/phase1_clean/baseline_reproduction_summary.json	/mnt/NAS/data/hl5757/generated_artifacts/flowspec-vla/phase1_rerun/baseline_reproduction_summary.json	580	3374cc89e0fea72562af3b979b2e282c90a5575e258eda6386698befcdbf63ac	3374cc89e0fea72562af3b979b2e282c90a5575e258eda6386698befcdbf63ac	NONE_BYTE_IDENTICAL_COPY	frozen structured/figure evidence
stored_in_git	results/frozen/phase1_clean/gpu_usage.json	/mnt/NAS/data/hl5757/generated_artifacts/flowspec-vla/phase1_rerun/gpu_usage.json	1027	06c0bc8880c05da2afeb0b36e7d8b1f25fa13a0456abef0fc92b669d0f13a839	06c0bc8880c05da2afeb0b36e7d8b1f25fa13a0456abef0fc92b669d0f13a839	NONE_BYTE_IDENTICAL_COPY	frozen structured/figure evidence
stored_in_git	results/frozen/phase1_clean/leakage/initial_m0.json	/mnt/NAS/data/hl5757/generated_artifacts/flowspec-vla/phase1_rerun/leakage/initial_m0.json	369	3343b415babcba441caa1f810276003a95b318ca337c3afddaefc244590d567d	3343b415babcba441caa1f810276003a95b318ca337c3afddaefc244590d567d	NONE_BYTE_IDENTICAL_COPY	frozen structured/figure evidence
stored_in_git	results/frozen/phase1_clean/leakage/initial_m1.json	/mnt/NAS/data/hl5757/generated_artifacts/flowspec-vla/phase1_rerun/leakage/initial_m1.json	369	67b495529fa64e271f773002d83af44f3ab5bf2da6a3bda1aa11ef83d6a8b6bd	67b495529fa64e271f773002d83af44f3ab5bf2da6a3bda1aa11ef83d6a8b6bd	NONE_BYTE_IDENTICAL_COPY	frozen structured/figure evidence
stored_in_git	results/frozen/phase1_clean/leakage/initial_m2.json	/mnt/NAS/data/hl5757/generated_artifacts/flowspec-vla/phase1_rerun/leakage/initial_m2.json	368	022917d430ec05148990057ac3c5b693cf0caf1f4c5116198c0d7ce7ad3f3064	022917d430ec05148990057ac3c5b693cf0caf1f4c5116198c0d7ce7ad3f3064	NONE_BYTE_IDENTICAL_COPY	frozen structured/figure evidence
stored_in_git	results/frozen/phase1_clean/leakage/m0_seed520001.json	/mnt/NAS/data/hl5757/generated_artifacts/flowspec-vla/phase1_rerun/leakage/m0_seed520001.json	375	6cff4f6247fa0dc885b51da3a56a242487d9bb6a8261720e977fa0ffa9de9555	6cff4f6247fa0dc885b51da3a56a242487d9bb6a8261720e977fa0ffa9de9555	NONE_BYTE_IDENTICAL_COPY	frozen structured/figure evidence
stored_in_git	results/frozen/phase1_clean/leakage/m0_seed520002.json	/mnt/NAS/data/hl5757/generated_artifacts/flowspec-vla/phase1_rerun/leakage/m0_seed520002.json	375	075b51341377df20c9296f72a0cf124632655e4cda420309fe7d97d0ff7a2ac2	075b51341377df20c9296f72a0cf124632655e4cda420309fe7d97d0ff7a2ac2	NONE_BYTE_IDENTICAL_COPY	frozen structured/figure evidence
stored_in_git	results/frozen/phase1_clean/leakage/m0_seed520003.json	/mnt/NAS/data/hl5757/generated_artifacts/flowspec-vla/phase1_rerun/leakage/m0_seed520003.json	374	5f332f6a2235528b807e9f914423046de6ab44b74befd257c2ff807446258e19	5f332f6a2235528b807e9f914423046de6ab44b74befd257c2ff807446258e19	NONE_BYTE_IDENTICAL_COPY	frozen structured/figure evidence
stored_in_git	results/frozen/phase1_clean/leakage/m1_seed520001.json	/mnt/NAS/data/hl5757/generated_artifacts/flowspec-vla/phase1_rerun/leakage/m1_seed520001.json	375	db522c7791a5eaa8b69b04f36887942a59862bb33859d66a81b1b7d5b6a3911c	db522c7791a5eaa8b69b04f36887942a59862bb33859d66a81b1b7d5b6a3911c	NONE_BYTE_IDENTICAL_COPY	frozen structured/figure evidence
stored_in_git	results/frozen/phase1_clean/leakage/m1_seed520002.json	/mnt/NAS/data/hl5757/generated_artifacts/flowspec-vla/phase1_rerun/leakage/m1_seed520002.json	375	113ba52868ab50f0cae81550cbb98e8e48c6e92d2d49bf69b42088a6dde16c56	113ba52868ab50f0cae81550cbb98e8e48c6e92d2d49bf69b42088a6dde16c56	NONE_BYTE_IDENTICAL_COPY	frozen structured/figure evidence
stored_in_git	results/frozen/phase1_clean/leakage/m1_seed520003.json	/mnt/NAS/data/hl5757/generated_artifacts/flowspec-vla/phase1_rerun/leakage/m1_seed520003.json	375	b2d16d9ccc202e4d3f6777cb72bebffbe7fdd15fb51b83de7678109fea2482f4	b2d16d9ccc202e4d3f6777cb72bebffbe7fdd15fb51b83de7678109fea2482f4	NONE_BYTE_IDENTICAL_COPY	frozen structured/figure evidence
stored_in_git	results/frozen/phase1_clean/leakage/m2_seed520001.json	/mnt/NAS/data/hl5757/generated_artifacts/flowspec-vla/phase1_rerun/leakage/m2_seed520001.json	374	1e164e06a2bc6c69dbf6e43a1c379818115637b4526226561f87ee5d495cf133	1e164e06a2bc6c69dbf6e43a1c379818115637b4526226561f87ee5d495cf133	NONE_BYTE_IDENTICAL_COPY	frozen structured/figure evidence
stored_in_git	results/frozen/phase1_clean/leakage/m2_seed520002.json	/mnt/NAS/data/hl5757/generated_artifacts/flowspec-vla/phase1_rerun/leakage/m2_seed520002.json	375	83c25b3c7f8727c1ee565f1c6b137a8b5590d9855c3d552cc3e7e59da7883dfa	83c25b3c7f8727c1ee565f1c6b137a8b5590d9855c3d552cc3e7e59da7883dfa	NONE_BYTE_IDENTICAL_COPY	frozen structured/figure evidence
stored_in_git	results/frozen/phase1_clean/leakage/m2_seed520003.json	/mnt/NAS/data/hl5757/generated_artifacts/flowspec-vla/phase1_rerun/leakage/m2_seed520003.json	374	bcd22920fa1222a0e3e0f6bc2c42669baf76f2ea8fc9aaf05dcf571c52c85d6b	bcd22920fa1222a0e3e0f6bc2c42669baf76f2ea8fc9aaf05dcf571c52c85d6b	NONE_BYTE_IDENTICAL_COPY	frozen structured/figure evidence
stored_in_git	results/frozen/phase1_clean/leakage_and_padded_state.png	/mnt/NAS/data/hl5757/generated_artifacts/flowspec-vla/phase1_rerun/leakage_and_padded_state.png	127298	eacccaa7bc4076196f50ba8650646e330c9087952c671b9616490257eb7a4dbc	eacccaa7bc4076196f50ba8650646e330c9087952c671b9616490257eb7a4dbc	NONE_BYTE_IDENTICAL_COPY	frozen structured/figure evidence
stored_in_git	results/frozen/phase1_clean/leakage_audit_summary.json	/mnt/NAS/data/hl5757/generated_artifacts/flowspec-vla/phase1_rerun/leakage_audit_summary.json	59582	03e9733794c6b0b75f6a724b11f3c7a30232f6434cdb2674c2b2494b66056b73	03e9733794c6b0b75f6a724b11f3c7a30232f6434cdb2674c2b2494b66056b73	NONE_BYTE_IDENTICAL_COPY	frozen structured/figure evidence
stored_in_git	results/frozen/phase1_clean/leakage_reaudit_summary.json	/mnt/NAS/data/hl5757/generated_artifacts/flowspec-vla/phase1_rerun/leakage_reaudit_summary.json	59582	03e9733794c6b0b75f6a724b11f3c7a30232f6434cdb2674c2b2494b66056b73	03e9733794c6b0b75f6a724b11f3c7a30232f6434cdb2674c2b2494b66056b73	NONE_BYTE_IDENTICAL_COPY	frozen structured/figure evidence
stored_in_git	results/frozen/phase1_clean/m1_m2_training_invariance.json	/mnt/NAS/data/hl5757/generated_artifacts/flowspec-vla/phase1_rerun/m1_m2_training_invariance.json	1828	97b1ca07d92e750986eff5ba16c6ac9d90a7a2a386d295d222ff293413e55104	97b1ca07d92e750986eff5ba16c6ac9d90a7a2a386d295d222ff293413e55104	NONE_BYTE_IDENTICAL_COPY	frozen structured/figure evidence
stored_in_git	results/frozen/phase1_clean/method_integrity_summary.json	/mnt/NAS/data/hl5757/generated_artifacts/flowspec-vla/phase1_rerun/method_integrity_summary.json	5508	f70d5ef5d148d68f390cf68a24d0c58a526c589787ae4f4b43955e5e72fbe9b8	f70d5ef5d148d68f390cf68a24d0c58a526c589787ae4f4b43955e5e72fbe9b8	NONE_BYTE_IDENTICAL_COPY	frozen structured/figure evidence
stored_in_git	results/frozen/phase1_clean/paired_seed_differences.png	/mnt/NAS/data/hl5757/generated_artifacts/flowspec-vla/phase1_rerun/paired_seed_differences.png	39506	58b578b42c8c26b9ab82bbb7d019dfefc84a0f0a91c899cbba8b61e2f04ec8a5	58b578b42c8c26b9ab82bbb7d019dfefc84a0f0a91c899cbba8b61e2f04ec8a5	NONE_BYTE_IDENTICAL_COPY	frozen structured/figure evidence
stored_in_git	results/frozen/phase1_clean/per_seed_final_metric.png	/mnt/NAS/data/hl5757/generated_artifacts/flowspec-vla/phase1_rerun/per_seed_final_metric.png	39906	4aa5b955df83b8ea630bf572109c3189fdb2f0260dc187a4f00909e4a5641d78	4aa5b955df83b8ea630bf572109c3189fdb2f0260dc187a4f00909e4a5641d78	NONE_BYTE_IDENTICAL_COPY	frozen structured/figure evidence
stored_in_git	results/frozen/phase1_clean/phase1_rerun_decision.json	/mnt/NAS/data/hl5757/generated_artifacts/flowspec-vla/phase1_rerun/phase1_rerun_decision.json	368	98947a85bc60f7024544b37d86da5b0cc3aa1f5f854888ff7bebff200ce71214	98947a85bc60f7024544b37d86da5b0cc3aa1f5f854888ff7bebff200ce71214	NONE_BYTE_IDENTICAL_COPY	frozen structured/figure evidence
stored_in_git	results/frozen/phase1_clean/protocol_snapshot.json	/mnt/NAS/data/hl5757/generated_artifacts/flowspec-vla/phase1_rerun/protocol_snapshot.json	2429	eb713c7e88874db03d686cbe270d40895ef8bf869e5fb7667546814f5d11650d	eb713c7e88874db03d686cbe270d40895ef8bf869e5fb7667546814f5d11650d	NONE_BYTE_IDENTICAL_COPY	frozen structured/figure evidence
stored_in_git	results/frozen/phase1_clean/recoveries/m0_seed520003/from_update_01000/restore_audit.json	/mnt/NAS/data/hl5757/generated_artifacts/flowspec-vla/phase1_rerun/recoveries/m0_seed520003/from_update_01000/restore_audit.json	91003	dde90b94ad4071c622c3a7228b091b6501a21ef74f130c3c5b0830896df3b90d	dde90b94ad4071c622c3a7228b091b6501a21ef74f130c3c5b0830896df3b90d	NONE_BYTE_IDENTICAL_COPY	frozen structured/figure evidence
stored_in_git	results/frozen/phase1_clean/recoveries/m0_seed520003/from_update_01000/run.json	/mnt/NAS/data/hl5757/generated_artifacts/flowspec-vla/phase1_rerun/recoveries/m0_seed520003/from_update_01000/run.json	2195119	0211048c526e5556e8eec96ed6bea2bc531b2490b158f0ce4ff0335aa51bacb6	0211048c526e5556e8eec96ed6bea2bc531b2490b158f0ce4ff0335aa51bacb6	NONE_BYTE_IDENTICAL_COPY	frozen structured/figure evidence
stored_in_git	results/frozen/phase1_clean/recoveries/m0_seed520003/from_update_01000/trace.json	/mnt/NAS/data/hl5757/generated_artifacts/flowspec-vla/phase1_rerun/recoveries/m0_seed520003/from_update_01000/trace.json	141200	53c1c4d6be1eec0a91927dfb2ffc8cd86f84c11cf7b9579c1e7508c0e5e51855	53c1c4d6be1eec0a91927dfb2ffc8cd86f84c11cf7b9579c1e7508c0e5e51855	NONE_BYTE_IDENTICAL_COPY	frozen structured/figure evidence
stored_in_git	results/frozen/phase1_clean/recoveries/m1_seed520003/from_update_01000/restore_audit.json	/mnt/NAS/data/hl5757/generated_artifacts/flowspec-vla/phase1_rerun/recoveries/m1_seed520003/from_update_01000/restore_audit.json	91003	5e2b0284b01432380f6cdc4ce04f93aa0c6e3ca192787ed8a7712783426507e8	5e2b0284b01432380f6cdc4ce04f93aa0c6e3ca192787ed8a7712783426507e8	NONE_BYTE_IDENTICAL_COPY	frozen structured/figure evidence
stored_in_git	results/frozen/phase1_clean/recoveries/m1_seed520003/from_update_01000/run.json	/mnt/NAS/data/hl5757/generated_artifacts/flowspec-vla/phase1_rerun/recoveries/m1_seed520003/from_update_01000/run.json	2195820	cb8421254d8c7bf9fdac4549c9bca0c87161579c9bc0707589fe8a6086db5f20	cb8421254d8c7bf9fdac4549c9bca0c87161579c9bc0707589fe8a6086db5f20	NONE_BYTE_IDENTICAL_COPY	frozen structured/figure evidence
stored_in_git	results/frozen/phase1_clean/recoveries/m1_seed520003/from_update_01000/trace.json	/mnt/NAS/data/hl5757/generated_artifacts/flowspec-vla/phase1_rerun/recoveries/m1_seed520003/from_update_01000/trace.json	141022	4f24bdac4f8c667bb43505f182b510e522d1924cce51816b8b232edd9f386876	4f24bdac4f8c667bb43505f182b510e522d1924cce51816b8b232edd9f386876	NONE_BYTE_IDENTICAL_COPY	frozen structured/figure evidence
stored_in_git	results/frozen/phase1_clean/reproducibility_spotcheck.json	/mnt/NAS/data/hl5757/generated_artifacts/flowspec-vla/phase1_rerun/reproducibility_spotcheck.json	1171	8acb6ccbaac45090424610d532056a4fd3afb1c85b7cdc4b50bf3b4a4f4d4683	8acb6ccbaac45090424610d532056a4fd3afb1c85b7cdc4b50bf3b4a4f4d4683	NONE_BYTE_IDENTICAL_COPY	frozen structured/figure evidence
stored_in_git	results/frozen/phase1_clean/rollout_success.png	/mnt/NAS/data/hl5757/generated_artifacts/flowspec-vla/phase1_rerun/rollout_success.png	31146	a4393767b39a46ab1f88baac5629379bd6bac20831ee7d7c0fe8a6612284c47c	a4393767b39a46ab1f88baac5629379bd6bac20831ee7d7c0fe8a6612284c47c	NONE_BYTE_IDENTICAL_COPY	frozen structured/figure evidence
stored_in_git	results/frozen/phase1_clean/rollout_summary.json	/mnt/NAS/data/hl5757/generated_artifacts/flowspec-vla/phase1_rerun/rollout_summary.json	4829	f608c8e3593652a4f1b9aac46148e135643fe4c9569dd819d5fee772e0b838f4	f608c8e3593652a4f1b9aac46148e135643fe4c9569dd819d5fee772e0b838f4	NONE_BYTE_IDENTICAL_COPY	frozen structured/figure evidence
stored_in_git	results/frozen/phase1_clean/rollouts/m0_seed520001.json	/mnt/NAS/data/hl5757/generated_artifacts/flowspec-vla/phase1_rerun/rollouts/m0_seed520001.json	40252	f641d3130ceeb39c3a235cf759f417d53aa4e359058af4939a9891a0ec7c340f	f641d3130ceeb39c3a235cf759f417d53aa4e359058af4939a9891a0ec7c340f	NONE_BYTE_IDENTICAL_COPY	frozen structured/figure evidence
stored_in_git	results/frozen/phase1_clean/rollouts/m0_seed520002.json	/mnt/NAS/data/hl5757/generated_artifacts/flowspec-vla/phase1_rerun/rollouts/m0_seed520002.json	40248	297e7b33ef7c4e776fa188867e6e737d8afba21a44390bd9eb56d08f35571f7e	297e7b33ef7c4e776fa188867e6e737d8afba21a44390bd9eb56d08f35571f7e	NONE_BYTE_IDENTICAL_COPY	frozen structured/figure evidence
stored_in_git	results/frozen/phase1_clean/rollouts/m0_seed520003.json	/mnt/NAS/data/hl5757/generated_artifacts/flowspec-vla/phase1_rerun/rollouts/m0_seed520003.json	40246	c95d4ddb1f482d1c0db3f30e4da5eec8c9ad000d51eef4af977508df62ac30f3	c95d4ddb1f482d1c0db3f30e4da5eec8c9ad000d51eef4af977508df62ac30f3	NONE_BYTE_IDENTICAL_COPY	frozen structured/figure evidence
stored_in_git	results/frozen/phase1_clean/rollouts/m1_seed520001.json	/mnt/NAS/data/hl5757/generated_artifacts/flowspec-vla/phase1_rerun/rollouts/m1_seed520001.json	40247	7c785735c0af1f85794d2a87f695e3cf3d033a39325f0a0c6e53f5970566e6fa	7c785735c0af1f85794d2a87f695e3cf3d033a39325f0a0c6e53f5970566e6fa	NONE_BYTE_IDENTICAL_COPY	frozen structured/figure evidence
stored_in_git	results/frozen/phase1_clean/rollouts/m1_seed520002.json	/mnt/NAS/data/hl5757/generated_artifacts/flowspec-vla/phase1_rerun/rollouts/m1_seed520002.json	40267	dc8ecb44232706f0c5c1df6d5c94e2e8815cc406c12f12f52cf509e4c6fa65b2	dc8ecb44232706f0c5c1df6d5c94e2e8815cc406c12f12f52cf509e4c6fa65b2	NONE_BYTE_IDENTICAL_COPY	frozen structured/figure evidence
stored_in_git	results/frozen/phase1_clean/rollouts/m1_seed520003.json	/mnt/NAS/data/hl5757/generated_artifacts/flowspec-vla/phase1_rerun/rollouts/m1_seed520003.json	40255	5523d56debd06dc7151e27943c9723e8573ded671bf7ad6bd64f78e52e4f2728	5523d56debd06dc7151e27943c9723e8573ded671bf7ad6bd64f78e52e4f2728	NONE_BYTE_IDENTICAL_COPY	frozen structured/figure evidence
stored_in_git	results/frozen/phase1_clean/rollouts/m2_seed520001.json	/mnt/NAS/data/hl5757/generated_artifacts/flowspec-vla/phase1_rerun/rollouts/m2_seed520001.json	40246	f03c612b754dc68098348c77db12c041777ab9885d80db814bee298608c9aedb	f03c612b754dc68098348c77db12c041777ab9885d80db814bee298608c9aedb	NONE_BYTE_IDENTICAL_COPY	frozen structured/figure evidence
stored_in_git	results/frozen/phase1_clean/rollouts/m2_seed520002.json	/mnt/NAS/data/hl5757/generated_artifacts/flowspec-vla/phase1_rerun/rollouts/m2_seed520002.json	40257	e9dda72b7d403fd133c0447e11db9ad802621354d7a0254e61bd2e6afbe27323	e9dda72b7d403fd133c0447e11db9ad802621354d7a0254e61bd2e6afbe27323	NONE_BYTE_IDENTICAL_COPY	frozen structured/figure evidence
stored_in_git	results/frozen/phase1_clean/rollouts/m2_seed520003.json	/mnt/NAS/data/hl5757/generated_artifacts/flowspec-vla/phase1_rerun/rollouts/m2_seed520003.json	40248	e3ef8f7f4b5c51a057dab4176a1d1ad679cc8f51335c0d0e8fc2dceb1a895baa	e3ef8f7f4b5c51a057dab4176a1d1ad679cc8f51335c0d0e8fc2dceb1a895baa	NONE_BYTE_IDENTICAL_COPY	frozen structured/figure evidence
stored_in_git	results/frozen/phase1_clean/runs/m0_seed520001/checkpoint_update01000_inventory.json	/mnt/NAS/data/hl5757/generated_artifacts/flowspec-vla/phase1_rerun/runs/m0_seed520001/checkpoint_update01000_inventory.json	46165	d7b297052e0ef33a8606ee6d38512f10317bede034d191be94a07003c7d118f6	d7b297052e0ef33a8606ee6d38512f10317bede034d191be94a07003c7d118f6	NONE_BYTE_IDENTICAL_COPY	frozen structured/figure evidence
stored_in_git	results/frozen/phase1_clean/runs/m0_seed520001/checkpoint_update02500_inventory.json	/mnt/NAS/data/hl5757/generated_artifacts/flowspec-vla/phase1_rerun/runs/m0_seed520001/checkpoint_update02500_inventory.json	46171	c7037f9b7adb7c29f09499d4da9aef7eea6d21e9e5e2343526c36e51627d17fd	c7037f9b7adb7c29f09499d4da9aef7eea6d21e9e5e2343526c36e51627d17fd	NONE_BYTE_IDENTICAL_COPY	frozen structured/figure evidence
stored_in_git	results/frozen/phase1_clean/runs/m0_seed520001/checkpoint_update05000_inventory.json	/mnt/NAS/data/hl5757/generated_artifacts/flowspec-vla/phase1_rerun/runs/m0_seed520001/checkpoint_update05000_inventory.json	46130	c2905c01e4abf5c158307d2ed8dc5ea5f98fa42c31da5e4c62a0f6ccda870879	c2905c01e4abf5c158307d2ed8dc5ea5f98fa42c31da5e4c62a0f6ccda870879	NONE_BYTE_IDENTICAL_COPY	frozen structured/figure evidence
stored_in_git	results/frozen/phase1_clean/runs/m0_seed520001/run.json	/mnt/NAS/data/hl5757/generated_artifacts/flowspec-vla/phase1_rerun/runs/m0_seed520001/run.json	2644339	48095a435b7044d98f75c57767744f5de52606b633c700969a9d6fec0a0335d0	48095a435b7044d98f75c57767744f5de52606b633c700969a9d6fec0a0335d0	NONE_BYTE_IDENTICAL_COPY	frozen structured/figure evidence
stored_in_git	results/frozen/phase1_clean/runs/m0_seed520001/trace.json	/mnt/NAS/data/hl5757/generated_artifacts/flowspec-vla/phase1_rerun/runs/m0_seed520001/trace.json	141187	8655abd5d36a260bfee56a081d1a2b1dbd4540b8b6464fd8403df10e3906e1db	8655abd5d36a260bfee56a081d1a2b1dbd4540b8b6464fd8403df10e3906e1db	NONE_BYTE_IDENTICAL_COPY	frozen structured/figure evidence
stored_in_git	results/frozen/phase1_clean/runs/m0_seed520002/checkpoint_update01000_inventory.json	/mnt/NAS/data/hl5757/generated_artifacts/flowspec-vla/phase1_rerun/runs/m0_seed520002/checkpoint_update01000_inventory.json	46165	80cf3067e288c4e541778d9dba52dd9dab273313c3392ef489a13524a766ade4	80cf3067e288c4e541778d9dba52dd9dab273313c3392ef489a13524a766ade4	NONE_BYTE_IDENTICAL_COPY	frozen structured/figure evidence
stored_in_git	results/frozen/phase1_clean/runs/m0_seed520002/checkpoint_update02500_inventory.json	/mnt/NAS/data/hl5757/generated_artifacts/flowspec-vla/phase1_rerun/runs/m0_seed520002/checkpoint_update02500_inventory.json	46171	4298d5183aca05350f53377e466b33245413e3e4b9712eaa77096b055a143c26	4298d5183aca05350f53377e466b33245413e3e4b9712eaa77096b055a143c26	NONE_BYTE_IDENTICAL_COPY	frozen structured/figure evidence
stored_in_git	results/frozen/phase1_clean/runs/m0_seed520002/checkpoint_update05000_inventory.json	/mnt/NAS/data/hl5757/generated_artifacts/flowspec-vla/phase1_rerun/runs/m0_seed520002/checkpoint_update05000_inventory.json	46130	ced5a84a7f1166c6140f8008f760f62aef3c402d12608cda969f40faa66ef9d0	ced5a84a7f1166c6140f8008f760f62aef3c402d12608cda969f40faa66ef9d0	NONE_BYTE_IDENTICAL_COPY	frozen structured/figure evidence
stored_in_git	results/frozen/phase1_clean/runs/m0_seed520002/run.json	/mnt/NAS/data/hl5757/generated_artifacts/flowspec-vla/phase1_rerun/runs/m0_seed520002/run.json	2644364	586b95d97fb0802a506768fa2506426a0550c9eadf46a827aa65fdfeb40868c2	586b95d97fb0802a506768fa2506426a0550c9eadf46a827aa65fdfeb40868c2	NONE_BYTE_IDENTICAL_COPY	frozen structured/figure evidence
stored_in_git	results/frozen/phase1_clean/runs/m0_seed520002/trace.json	/mnt/NAS/data/hl5757/generated_artifacts/flowspec-vla/phase1_rerun/runs/m0_seed520002/trace.json	141189	f405810f38c2dc7790e9f74bd7e29720efe8ad702e58334360d5babfcf42b23f	f405810f38c2dc7790e9f74bd7e29720efe8ad702e58334360d5babfcf42b23f	NONE_BYTE_IDENTICAL_COPY	frozen structured/figure evidence
stored_in_git	results/frozen/phase1_clean/runs/m0_seed520003/checkpoint_update01000_inventory.json	/mnt/NAS/data/hl5757/generated_artifacts/flowspec-vla/phase1_rerun/runs/m0_seed520003/checkpoint_update01000_inventory.json	46165	193bc3447b6fc32c751593f9ca7c0f8a8f24c42b66479288c2443a49ce15b153	193bc3447b6fc32c751593f9ca7c0f8a8f24c42b66479288c2443a49ce15b153	NONE_BYTE_IDENTICAL_COPY	frozen structured/figure evidence
stored_in_git	results/frozen/phase1_clean/runs/m0_seed520003/checkpoint_update02500_inventory.json	/mnt/NAS/data/hl5757/generated_artifacts/flowspec-vla/phase1_rerun/runs/m0_seed520003/checkpoint_update02500_inventory.json	46171	c2480d75bdcf3b1bc115467dba042a7e3c12a467541eaab53fd3ddf698587000	c2480d75bdcf3b1bc115467dba042a7e3c12a467541eaab53fd3ddf698587000	NONE_BYTE_IDENTICAL_COPY	frozen structured/figure evidence
stored_in_git	results/frozen/phase1_clean/runs/m0_seed520003/checkpoint_update05000_inventory.json	/mnt/NAS/data/hl5757/generated_artifacts/flowspec-vla/phase1_rerun/runs/m0_seed520003/checkpoint_update05000_inventory.json	46130	151f59b310d92817d6518a45dd8269ce5c4d0d8fefd84df013f051bd3ab90b7e	151f59b310d92817d6518a45dd8269ce5c4d0d8fefd84df013f051bd3ab90b7e	NONE_BYTE_IDENTICAL_COPY	frozen structured/figure evidence
stored_in_git	results/frozen/phase1_clean/runs/m0_seed520003/run.json	/mnt/NAS/data/hl5757/generated_artifacts/flowspec-vla/phase1_rerun/runs/m0_seed520003/run.json	2195119	0211048c526e5556e8eec96ed6bea2bc531b2490b158f0ce4ff0335aa51bacb6	0211048c526e5556e8eec96ed6bea2bc531b2490b158f0ce4ff0335aa51bacb6	NONE_BYTE_IDENTICAL_COPY	frozen structured/figure evidence
stored_in_git	results/frozen/phase1_clean/runs/m0_seed520003/trace.json	/mnt/NAS/data/hl5757/generated_artifacts/flowspec-vla/phase1_rerun/runs/m0_seed520003/trace.json	141200	53c1c4d6be1eec0a91927dfb2ffc8cd86f84c11cf7b9579c1e7508c0e5e51855	53c1c4d6be1eec0a91927dfb2ffc8cd86f84c11cf7b9579c1e7508c0e5e51855	NONE_BYTE_IDENTICAL_COPY	frozen structured/figure evidence
stored_in_git	results/frozen/phase1_clean/runs/m1_seed520001/checkpoint_update01000_inventory.json	/mnt/NAS/data/hl5757/generated_artifacts/flowspec-vla/phase1_rerun/runs/m1_seed520001/checkpoint_update01000_inventory.json	46165	1a253fbc81c700d75ed68d5576bd3c80280b8d7a397a7c0627ec3de7c9576b19	1a253fbc81c700d75ed68d5576bd3c80280b8d7a397a7c0627ec3de7c9576b19	NONE_BYTE_IDENTICAL_COPY	frozen structured/figure evidence
stored_in_git	results/frozen/phase1_clean/runs/m1_seed520001/checkpoint_update02500_inventory.json	/mnt/NAS/data/hl5757/generated_artifacts/flowspec-vla/phase1_rerun/runs/m1_seed520001/checkpoint_update02500_inventory.json	46171	eb64d7dd84a9f87104b9c790a7ca2d8432b7a596627569d89601750fb1947593	eb64d7dd84a9f87104b9c790a7ca2d8432b7a596627569d89601750fb1947593	NONE_BYTE_IDENTICAL_COPY	frozen structured/figure evidence
stored_in_git	results/frozen/phase1_clean/runs/m1_seed520001/checkpoint_update05000_inventory.json	/mnt/NAS/data/hl5757/generated_artifacts/flowspec-vla/phase1_rerun/runs/m1_seed520001/checkpoint_update05000_inventory.json	46130	73a15d8d270e5f8f40f4d9cfe798a4c4122363b0f91d6fba76152070dc227685	73a15d8d270e5f8f40f4d9cfe798a4c4122363b0f91d6fba76152070dc227685	NONE_BYTE_IDENTICAL_COPY	frozen structured/figure evidence
stored_in_git	results/frozen/phase1_clean/runs/m1_seed520001/run.json	/mnt/NAS/data/hl5757/generated_artifacts/flowspec-vla/phase1_rerun/runs/m1_seed520001/run.json	2645286	5b979631cc60c04e7fa8f491d834bb6d9ca494fb195300c9396308edec7913ec	5b979631cc60c04e7fa8f491d834bb6d9ca494fb195300c9396308edec7913ec	NONE_BYTE_IDENTICAL_COPY	frozen structured/figure evidence
stored_in_git	results/frozen/phase1_clean/runs/m1_seed520001/trace.json	/mnt/NAS/data/hl5757/generated_artifacts/flowspec-vla/phase1_rerun/runs/m1_seed520001/trace.json	141032	7054d7c7a35a5379c4757d2b2d268edcd9ab8724681c847742baa3b29fe019dc	7054d7c7a35a5379c4757d2b2d268edcd9ab8724681c847742baa3b29fe019dc	NONE_BYTE_IDENTICAL_COPY	frozen structured/figure evidence
stored_in_git	results/frozen/phase1_clean/runs/m1_seed520002/checkpoint_update01000_inventory.json	/mnt/NAS/data/hl5757/generated_artifacts/flowspec-vla/phase1_rerun/runs/m1_seed520002/checkpoint_update01000_inventory.json	46165	fb08cac7ed4cd51b165079550d484331bf318d0718d06f89f72b7b567b5e6235	fb08cac7ed4cd51b165079550d484331bf318d0718d06f89f72b7b567b5e6235	NONE_BYTE_IDENTICAL_COPY	frozen structured/figure evidence
stored_in_git	results/frozen/phase1_clean/runs/m1_seed520002/checkpoint_update02500_inventory.json	/mnt/NAS/data/hl5757/generated_artifacts/flowspec-vla/phase1_rerun/runs/m1_seed520002/checkpoint_update02500_inventory.json	46171	8f3d84e52caa75737b99482e518fc72dbf7b8af06afddddd01d4ab3ab3c01482	8f3d84e52caa75737b99482e518fc72dbf7b8af06afddddd01d4ab3ab3c01482	NONE_BYTE_IDENTICAL_COPY	frozen structured/figure evidence
stored_in_git	results/frozen/phase1_clean/runs/m1_seed520002/checkpoint_update05000_inventory.json	/mnt/NAS/data/hl5757/generated_artifacts/flowspec-vla/phase1_rerun/runs/m1_seed520002/checkpoint_update05000_inventory.json	46130	7e430098695792f240d38abdc66046dc64398036ca711933efabc04eb8faed36	7e430098695792f240d38abdc66046dc64398036ca711933efabc04eb8faed36	NONE_BYTE_IDENTICAL_COPY	frozen structured/figure evidence
stored_in_git	results/frozen/phase1_clean/runs/m1_seed520002/run.json	/mnt/NAS/data/hl5757/generated_artifacts/flowspec-vla/phase1_rerun/runs/m1_seed520002/run.json	2645778	cc526dd6566b281a8135855a0c429713aaa67947e23626a01b56f34b33b0b26d	cc526dd6566b281a8135855a0c429713aaa67947e23626a01b56f34b33b0b26d	NONE_BYTE_IDENTICAL_COPY	frozen structured/figure evidence
stored_in_git	results/frozen/phase1_clean/runs/m1_seed520002/trace.json	/mnt/NAS/data/hl5757/generated_artifacts/flowspec-vla/phase1_rerun/runs/m1_seed520002/trace.json	141047	5a7ba6c842a3e0b6a4c92ee53823552a85081034d431b1b337ef42b0a9c6ffe5	5a7ba6c842a3e0b6a4c92ee53823552a85081034d431b1b337ef42b0a9c6ffe5	NONE_BYTE_IDENTICAL_COPY	frozen structured/figure evidence
stored_in_git	results/frozen/phase1_clean/runs/m1_seed520003/checkpoint_update01000_inventory.json	/mnt/NAS/data/hl5757/generated_artifacts/flowspec-vla/phase1_rerun/runs/m1_seed520003/checkpoint_update01000_inventory.json	46165	68603385a76d70053d570990e7ee527e4482596ec532d7406fb80a15205adc80	68603385a76d70053d570990e7ee527e4482596ec532d7406fb80a15205adc80	NONE_BYTE_IDENTICAL_COPY	frozen structured/figure evidence
stored_in_git	results/frozen/phase1_clean/runs/m1_seed520003/checkpoint_update02500_inventory.json	/mnt/NAS/data/hl5757/generated_artifacts/flowspec-vla/phase1_rerun/runs/m1_seed520003/checkpoint_update02500_inventory.json	46171	e4558cdfebda264c43aa6e7e978c740fba7175225e0794d5d49a0d33f822c622	e4558cdfebda264c43aa6e7e978c740fba7175225e0794d5d49a0d33f822c622	NONE_BYTE_IDENTICAL_COPY	frozen structured/figure evidence
stored_in_git	results/frozen/phase1_clean/runs/m1_seed520003/checkpoint_update05000_inventory.json	/mnt/NAS/data/hl5757/generated_artifacts/flowspec-vla/phase1_rerun/runs/m1_seed520003/checkpoint_update05000_inventory.json	46130	cc368bf92680dbf4ceaa44c3e97457f5fd83e145d0b0785251c8184528f1a70c	cc368bf92680dbf4ceaa44c3e97457f5fd83e145d0b0785251c8184528f1a70c	NONE_BYTE_IDENTICAL_COPY	frozen structured/figure evidence
stored_in_git	results/frozen/phase1_clean/runs/m1_seed520003/run.json	/mnt/NAS/data/hl5757/generated_artifacts/flowspec-vla/phase1_rerun/runs/m1_seed520003/run.json	2195820	cb8421254d8c7bf9fdac4549c9bca0c87161579c9bc0707589fe8a6086db5f20	cb8421254d8c7bf9fdac4549c9bca0c87161579c9bc0707589fe8a6086db5f20	NONE_BYTE_IDENTICAL_COPY	frozen structured/figure evidence
stored_in_git	results/frozen/phase1_clean/runs/m1_seed520003/trace.json	/mnt/NAS/data/hl5757/generated_artifacts/flowspec-vla/phase1_rerun/runs/m1_seed520003/trace.json	141022	4f24bdac4f8c667bb43505f182b510e522d1924cce51816b8b232edd9f386876	4f24bdac4f8c667bb43505f182b510e522d1924cce51816b8b232edd9f386876	NONE_BYTE_IDENTICAL_COPY	frozen structured/figure evidence
stored_in_git	results/frozen/phase1_clean/runs/m2_seed520001/checkpoint_update01000_inventory.json	/mnt/NAS/data/hl5757/generated_artifacts/flowspec-vla/phase1_rerun/runs/m2_seed520001/checkpoint_update01000_inventory.json	46165	60edf05751d898a0b2bed70aaf8921f46424442762e9d6c2ade889810cccf9f2	60edf05751d898a0b2bed70aaf8921f46424442762e9d6c2ade889810cccf9f2	NONE_BYTE_IDENTICAL_COPY	frozen structured/figure evidence
stored_in_git	results/frozen/phase1_clean/runs/m2_seed520001/checkpoint_update02500_inventory.json	/mnt/NAS/data/hl5757/generated_artifacts/flowspec-vla/phase1_rerun/runs/m2_seed520001/checkpoint_update02500_inventory.json	46171	ff61997ee617ae17c436a95980a090a2b92a35a2224ca66982afd31ec0b301f4	ff61997ee617ae17c436a95980a090a2b92a35a2224ca66982afd31ec0b301f4	NONE_BYTE_IDENTICAL_COPY	frozen structured/figure evidence
stored_in_git	results/frozen/phase1_clean/runs/m2_seed520001/checkpoint_update05000_inventory.json	/mnt/NAS/data/hl5757/generated_artifacts/flowspec-vla/phase1_rerun/runs/m2_seed520001/checkpoint_update05000_inventory.json	46130	900100fbbeff2d5aa885e87ad0c671aefa011a54535ecafe4837daa9186fb536	900100fbbeff2d5aa885e87ad0c671aefa011a54535ecafe4837daa9186fb536	NONE_BYTE_IDENTICAL_COPY	frozen structured/figure evidence
stored_in_git	results/frozen/phase1_clean/runs/m2_seed520001/run.json	/mnt/NAS/data/hl5757/generated_artifacts/flowspec-vla/phase1_rerun/runs/m2_seed520001/run.json	2645352	011a50ac720f2f9627e2dcf7011e94733c829380ac9b5fece762d929a97bfce0	011a50ac720f2f9627e2dcf7011e94733c829380ac9b5fece762d929a97bfce0	NONE_BYTE_IDENTICAL_COPY	frozen structured/figure evidence
stored_in_git	results/frozen/phase1_clean/runs/m2_seed520001/trace.json	/mnt/NAS/data/hl5757/generated_artifacts/flowspec-vla/phase1_rerun/runs/m2_seed520001/trace.json	141032	7054d7c7a35a5379c4757d2b2d268edcd9ab8724681c847742baa3b29fe019dc	7054d7c7a35a5379c4757d2b2d268edcd9ab8724681c847742baa3b29fe019dc	NONE_BYTE_IDENTICAL_COPY	frozen structured/figure evidence
stored_in_git	results/frozen/phase1_clean/runs/m2_seed520002/checkpoint_update01000_inventory.json	/mnt/NAS/data/hl5757/generated_artifacts/flowspec-vla/phase1_rerun/runs/m2_seed520002/checkpoint_update01000_inventory.json	46165	db91335383dfe63ed4f83e5d1ab1d5ca83847a89a64fe3fd6b3a29f16e4c62cf	db91335383dfe63ed4f83e5d1ab1d5ca83847a89a64fe3fd6b3a29f16e4c62cf	NONE_BYTE_IDENTICAL_COPY	frozen structured/figure evidence
stored_in_git	results/frozen/phase1_clean/runs/m2_seed520002/checkpoint_update02500_inventory.json	/mnt/NAS/data/hl5757/generated_artifacts/flowspec-vla/phase1_rerun/runs/m2_seed520002/checkpoint_update02500_inventory.json	46171	dc576a8e2f4523389d4f386412c20a0cb9eb3d068cc35562e4f70ad766f9bc6e	dc576a8e2f4523389d4f386412c20a0cb9eb3d068cc35562e4f70ad766f9bc6e	NONE_BYTE_IDENTICAL_COPY	frozen structured/figure evidence
stored_in_git	results/frozen/phase1_clean/runs/m2_seed520002/checkpoint_update05000_inventory.json	/mnt/NAS/data/hl5757/generated_artifacts/flowspec-vla/phase1_rerun/runs/m2_seed520002/checkpoint_update05000_inventory.json	46130	41b4060645a6b9845713897194aed91e202d219d4338ad9fb71f4b175386e6dc	41b4060645a6b9845713897194aed91e202d219d4338ad9fb71f4b175386e6dc	NONE_BYTE_IDENTICAL_COPY	frozen structured/figure evidence
stored_in_git	results/frozen/phase1_clean/runs/m2_seed520002/run.json	/mnt/NAS/data/hl5757/generated_artifacts/flowspec-vla/phase1_rerun/runs/m2_seed520002/run.json	2645777	b6f44a60bb03916679b4160389a092c24bfa717c37599d4067791df93b288e96	b6f44a60bb03916679b4160389a092c24bfa717c37599d4067791df93b288e96	NONE_BYTE_IDENTICAL_COPY	frozen structured/figure evidence
stored_in_git	results/frozen/phase1_clean/runs/m2_seed520002/trace.json	/mnt/NAS/data/hl5757/generated_artifacts/flowspec-vla/phase1_rerun/runs/m2_seed520002/trace.json	141047	5a7ba6c842a3e0b6a4c92ee53823552a85081034d431b1b337ef42b0a9c6ffe5	5a7ba6c842a3e0b6a4c92ee53823552a85081034d431b1b337ef42b0a9c6ffe5	NONE_BYTE_IDENTICAL_COPY	frozen structured/figure evidence
stored_in_git	results/frozen/phase1_clean/runs/m2_seed520003/checkpoint_update01000_inventory.json	/mnt/NAS/data/hl5757/generated_artifacts/flowspec-vla/phase1_rerun/runs/m2_seed520003/checkpoint_update01000_inventory.json	46165	1049f9a376650a8a1d890a5266d3a05a5e4696b4cce805285f7721809756b693	1049f9a376650a8a1d890a5266d3a05a5e4696b4cce805285f7721809756b693	NONE_BYTE_IDENTICAL_COPY	frozen structured/figure evidence
stored_in_git	results/frozen/phase1_clean/runs/m2_seed520003/checkpoint_update02500_inventory.json	/mnt/NAS/data/hl5757/generated_artifacts/flowspec-vla/phase1_rerun/runs/m2_seed520003/checkpoint_update02500_inventory.json	46171	2d57e8014d37a12d3159065b3101078d24bcf6210ef1f3f3a001413bdded2504	2d57e8014d37a12d3159065b3101078d24bcf6210ef1f3f3a001413bdded2504	NONE_BYTE_IDENTICAL_COPY	frozen structured/figure evidence
stored_in_git	results/frozen/phase1_clean/runs/m2_seed520003/checkpoint_update05000_inventory.json	/mnt/NAS/data/hl5757/generated_artifacts/flowspec-vla/phase1_rerun/runs/m2_seed520003/checkpoint_update05000_inventory.json	46130	abd96e70b43082d8c153719d08fdf17d69bd1e30e0159a6af0a286db520d5d96	abd96e70b43082d8c153719d08fdf17d69bd1e30e0159a6af0a286db520d5d96	NONE_BYTE_IDENTICAL_COPY	frozen structured/figure evidence
stored_in_git	results/frozen/phase1_clean/runs/m2_seed520003/run.json	/mnt/NAS/data/hl5757/generated_artifacts/flowspec-vla/phase1_rerun/runs/m2_seed520003/run.json	2645625	453f067622db990340dcd9b947f25a4c910db42dd1e5f8d93cdb9c0425fa5047	453f067622db990340dcd9b947f25a4c910db42dd1e5f8d93cdb9c0425fa5047	NONE_BYTE_IDENTICAL_COPY	frozen structured/figure evidence
stored_in_git	results/frozen/phase1_clean/runs/m2_seed520003/trace.json	/mnt/NAS/data/hl5757/generated_artifacts/flowspec-vla/phase1_rerun/runs/m2_seed520003/trace.json	141022	4f24bdac4f8c667bb43505f182b510e522d1924cce51816b8b232edd9f386876	4f24bdac4f8c667bb43505f182b510e522d1924cce51816b8b232edd9f386876	NONE_BYTE_IDENTICAL_COPY	frozen structured/figure evidence
stored_in_git	results/frozen/phase1_clean/seed_pairing_summary.json	/mnt/NAS/data/hl5757/generated_artifacts/flowspec-vla/phase1_rerun/seed_pairing_summary.json	4418	11c893576ec2af9c41654d17092d6153c4b4f78136fd803418a7fbbdb424277b	11c893576ec2af9c41654d17092d6153c4b4f78136fd803418a7fbbdb424277b	NONE_BYTE_IDENTICAL_COPY	frozen structured/figure evidence
stored_in_git	results/frozen/phase1_clean/smoke_gate_summary.json	/mnt/NAS/data/hl5757/generated_artifacts/flowspec-vla/phase1_rerun/smoke_gate_summary.json	64917	6a19cb8fee9063c5592b53f6e4f66d892ae88cabd2f73543836160f5becd1f62	6a19cb8fee9063c5592b53f6e4f66d892ae88cabd2f73543836160f5becd1f62	NONE_BYTE_IDENTICAL_COPY	frozen structured/figure evidence
stored_in_git	results/frozen/phase1_clean/split_manifest.json	/mnt/NAS/data/hl5757/generated_artifacts/flowspec-vla/phase1/split_manifest.json	650249	b3150f3a4893f7f20167186a47f9f41a372eda0e95e1f91b6a6cb0851d32def0	b3150f3a4893f7f20167186a47f9f41a372eda0e95e1f91b6a6cb0851d32def0	NONE_BYTE_IDENTICAL_COPY	frozen structured/figure evidence
stored_in_git	results/frozen/phase1_clean/spotchecks/m0_seed520001/restore_audit.json	/mnt/NAS/data/hl5757/generated_artifacts/flowspec-vla/phase1_rerun/spotchecks/m0_seed520001/restore_audit.json	90960	95174df9c89f5f5a373ff016ec0d9b1792fd2aaedff855b36aadce11c2db0c81	95174df9c89f5f5a373ff016ec0d9b1792fd2aaedff855b36aadce11c2db0c81	NONE_BYTE_IDENTICAL_COPY	frozen structured/figure evidence
stored_in_git	results/frozen/phase1_clean/spotchecks/m0_seed520001/run.json	/mnt/NAS/data/hl5757/generated_artifacts/flowspec-vla/phase1_rerun/spotchecks/m0_seed520001/run.json	99014	83f364ce140f944356d1051f5e7769b289dfc09fe0415d412e84d7baf883ebf9	83f364ce140f944356d1051f5e7769b289dfc09fe0415d412e84d7baf883ebf9	NONE_BYTE_IDENTICAL_COPY	frozen structured/figure evidence
stored_in_git	results/frozen/phase1_clean/spotchecks/m0_seed520001/trace.json	/mnt/NAS/data/hl5757/generated_artifacts/flowspec-vla/phase1_rerun/spotchecks/m0_seed520001/trace.json	141187	8655abd5d36a260bfee56a081d1a2b1dbd4540b8b6464fd8403df10e3906e1db	8655abd5d36a260bfee56a081d1a2b1dbd4540b8b6464fd8403df10e3906e1db	NONE_BYTE_IDENTICAL_COPY	frozen structured/figure evidence
stored_in_git	results/frozen/phase1_clean/spotchecks/m1_seed520001/restore_audit.json	/mnt/NAS/data/hl5757/generated_artifacts/flowspec-vla/phase1_rerun/spotchecks/m1_seed520001/restore_audit.json	90960	b29e2c0c1f76b1792f54ff9449e995864db31fe997f2783e9398dcacaa7b4346	b29e2c0c1f76b1792f54ff9449e995864db31fe997f2783e9398dcacaa7b4346	NONE_BYTE_IDENTICAL_COPY	frozen structured/figure evidence
stored_in_git	results/frozen/phase1_clean/spotchecks/m1_seed520001/run.json	/mnt/NAS/data/hl5757/generated_artifacts/flowspec-vla/phase1_rerun/spotchecks/m1_seed520001/run.json	99016	616d02098e862b9dde64e2ed11e4373579d684a64b4dd94fd25e9c54bca68210	616d02098e862b9dde64e2ed11e4373579d684a64b4dd94fd25e9c54bca68210	NONE_BYTE_IDENTICAL_COPY	frozen structured/figure evidence
stored_in_git	results/frozen/phase1_clean/spotchecks/m1_seed520001/trace.json	/mnt/NAS/data/hl5757/generated_artifacts/flowspec-vla/phase1_rerun/spotchecks/m1_seed520001/trace.json	141032	7054d7c7a35a5379c4757d2b2d268edcd9ab8724681c847742baa3b29fe019dc	7054d7c7a35a5379c4757d2b2d268edcd9ab8724681c847742baa3b29fe019dc	NONE_BYTE_IDENTICAL_COPY	frozen structured/figure evidence
stored_in_git	results/frozen/phase1_clean/spotchecks/m2_seed520001/restore_audit.json	/mnt/NAS/data/hl5757/generated_artifacts/flowspec-vla/phase1_rerun/spotchecks/m2_seed520001/restore_audit.json	90960	b29e2c0c1f76b1792f54ff9449e995864db31fe997f2783e9398dcacaa7b4346	b29e2c0c1f76b1792f54ff9449e995864db31fe997f2783e9398dcacaa7b4346	NONE_BYTE_IDENTICAL_COPY	frozen structured/figure evidence
stored_in_git	results/frozen/phase1_clean/spotchecks/m2_seed520001/run.json	/mnt/NAS/data/hl5757/generated_artifacts/flowspec-vla/phase1_rerun/spotchecks/m2_seed520001/run.json	99019	c2b89c874bdeaf6f10c60e65d98a447f57528a48c6066529cedb86d435a9133e	c2b89c874bdeaf6f10c60e65d98a447f57528a48c6066529cedb86d435a9133e	NONE_BYTE_IDENTICAL_COPY	frozen structured/figure evidence
stored_in_git	results/frozen/phase1_clean/spotchecks/m2_seed520001/trace.json	/mnt/NAS/data/hl5757/generated_artifacts/flowspec-vla/phase1_rerun/spotchecks/m2_seed520001/trace.json	141032	7054d7c7a35a5379c4757d2b2d268edcd9ab8724681c847742baa3b29fe019dc	7054d7c7a35a5379c4757d2b2d268edcd9ab8724681c847742baa3b29fe019dc	NONE_BYTE_IDENTICAL_COPY	frozen structured/figure evidence
stored_in_git	results/frozen/phase1_clean/training_summary.json	/mnt/NAS/data/hl5757/generated_artifacts/flowspec-vla/phase1_rerun/training_summary.json	8336	f94bf3432046af8a6e7c9b4f464ac3285734ec0b2ac51291964e70b85c3ec516	f94bf3432046af8a6e7c9b4f464ac3285734ec0b2ac51291964e70b85c3ec516	NONE_BYTE_IDENTICAL_COPY	frozen structured/figure evidence
stored_in_git	results/frozen/phase1_clean/validation_error_vs_updates.png	/mnt/NAS/data/hl5757/generated_artifacts/flowspec-vla/phase1_rerun/validation_error_vs_updates.png	90051	63cc5380e1b1e090b4955e9c08f13f9cd84c2d9c327ff565a00d97c1cf4dd6b0	63cc5380e1b1e090b4955e9c08f13f9cd84c2d9c327ff565a00d97c1cf4dd6b0	NONE_BYTE_IDENTICAL_COPY	frozen structured/figure evidence
stored_in_git	results/frozen/phase1_clean/validation_summary.json	/mnt/NAS/data/hl5757/generated_artifacts/flowspec-vla/phase1_rerun/validation_summary.json	35710	344b3e508a1de974ca1e45e35e19b2ab39177c8434a649ceb299e018e870c4e9	344b3e508a1de974ca1e45e35e19b2ab39177c8434a649ceb299e018e870c4e9	NONE_BYTE_IDENTICAL_COPY	frozen structured/figure evidence
stored_in_git	results/frozen/resume_gate/artifact_manifest.json	/mnt/NAS/data/hl5757/generated_artifacts/flowspec-vla/resume_gate/artifact_manifest.json	5850	8d6b505c5827f797c5a85b5bf7f9121459b23e1b9a0b4ccfd17dd7eacdf019fb	8d6b505c5827f797c5a85b5bf7f9121459b23e1b9a0b4ccfd17dd7eacdf019fb	NONE_BYTE_IDENTICAL_COPY	frozen structured/figure evidence
stored_in_git	results/frozen/resume_gate/checkpoint_state_inventory.json	/mnt/NAS/data/hl5757/generated_artifacts/flowspec-vla/resume_gate/checkpoint_state_inventory.json	46076	a892c33ff2623d13f72a1066568f737b407d21194df5fe712b048e9fc97056e1	a892c33ff2623d13f72a1066568f737b407d21194df5fe712b048e9fc97056e1	NONE_BYTE_IDENTICAL_COPY	frozen structured/figure evidence
stored_in_git	results/frozen/resume_gate/gpu_usage.json	/mnt/NAS/data/hl5757/generated_artifacts/flowspec-vla/resume_gate/gpu_usage.json	677	66863c807f4fd7b5b2456d77c68aaa3db4e9843f96a77d6fd60ca12ef1a82c78	66863c807f4fd7b5b2456d77c68aaa3db4e9843f96a77d6fd60ca12ef1a82c78	NONE_BYTE_IDENTICAL_COPY	frozen structured/figure evidence
stored_in_git	results/frozen/resume_gate/optimizer_state_comparison.json	/mnt/NAS/data/hl5757/generated_artifacts/flowspec-vla/resume_gate/optimizer_state_comparison.json	706	c550c0f7d69148daad416c6648caf09d0af43bab6bcaf5b86751a4fbdf3986ce	c550c0f7d69148daad416c6648caf09d0af43bab6bcaf5b86751a4fbdf3986ce	NONE_BYTE_IDENTICAL_COPY	frozen structured/figure evidence
stored_in_git	results/frozen/resume_gate/resume_comparison.json	/mnt/NAS/data/hl5757/generated_artifacts/flowspec-vla/resume_gate/resume_comparison.json	373301	29d7d553db57f1e0f5b76e49c0f7e25d57dd2306252ceead86809cb26cc893f2	29d7d553db57f1e0f5b76e49c0f7e25d57dd2306252ceead86809cb26cc893f2	NONE_BYTE_IDENTICAL_COPY	frozen structured/figure evidence
stored_in_git	results/frozen/resume_gate/resumed_trace.json	/mnt/NAS/data/hl5757/generated_artifacts/flowspec-vla/resume_gate/resumed_trace.json	1340237	c6a18600f2393605ead1430d7b584be1f940d74643e4ddf2700e902bcc0e6f81	c6a18600f2393605ead1430d7b584be1f940d74643e4ddf2700e902bcc0e6f81	NONE_BYTE_IDENTICAL_COPY	frozen structured/figure evidence
stored_in_git	results/frozen/resume_gate/rng_state_comparison.json	/mnt/NAS/data/hl5757/generated_artifacts/flowspec-vla/resume_gate/rng_state_comparison.json	241	cbcd81600e0ea3561f18fb88add55d0747421c9d75f278da40bc67627397c188	cbcd81600e0ea3561f18fb88add55d0747421c9d75f278da40bc67627397c188	NONE_BYTE_IDENTICAL_COPY	frozen structured/figure evidence
stored_in_git	results/frozen/resume_gate/sampler_state_comparison.json	/mnt/NAS/data/hl5757/generated_artifacts/flowspec-vla/resume_gate/sampler_state_comparison.json	396	834f374de390ab003dd6b0387b9d51f3033ef9aaa6dfb4b6f40d4a7c8ec043cf	834f374de390ab003dd6b0387b9d51f3033ef9aaa6dfb4b6f40d4a7c8ec043cf	NONE_BYTE_IDENTICAL_COPY	frozen structured/figure evidence
stored_in_git	results/frozen/resume_gate/uninterrupted_trace.json	/mnt/NAS/data/hl5757/generated_artifacts/flowspec-vla/resume_gate/uninterrupted_trace.json	1340237	c6a18600f2393605ead1430d7b584be1f940d74643e4ddf2700e902bcc0e6f81	c6a18600f2393605ead1430d7b584be1f940d74643e4ddf2700e902bcc0e6f81	NONE_BYTE_IDENTICAL_COPY	frozen structured/figure evidence
stored_in_git	recovery/ENVIRONMENT.md	recovery/ENVIRONMENT.md	3788	a1a4c9fd72bfa24d0856f0efb139b044809e1bdfd26390d5f3c1128a222b63d7	a1a4c9fd72bfa24d0856f0efb139b044809e1bdfd26390d5f3c1128a222b63d7	NOT_APPLICABLE_AUTHORED_RECOVERY_FILE	recovery metadata/tooling
stored_in_git	recovery/RECOVERY.md	recovery/RECOVERY.md	11387	396d5e89cc52b6048eee5a9c1cc593ee9093618957726a8d7bf2d9a94d4e2fa3	396d5e89cc52b6048eee5a9c1cc593ee9093618957726a8d7bf2d9a94d4e2fa3	NOT_APPLICABLE_AUTHORED_RECOVERY_FILE	recovery metadata/tooling
stored_in_git	recovery/UPSTREAMS.yaml	recovery/UPSTREAMS.yaml	2965	251a842230bdae259bdad3ffbf7319e9dca1fb8199ab9d59f4798e46b64d9f0e	251a842230bdae259bdad3ffbf7319e9dca1fb8199ab9d59f4798e46b64d9f0e	NOT_APPLICABLE_AUTHORED_RECOVERY_FILE	recovery metadata/tooling
stored_in_git	recovery/__pycache__/build_snapshot.cpython-312.pyc	recovery/__pycache__/build_snapshot.cpython-312.pyc	18819	1fd43e05e34132b79f6f531ea9997b00fbf2e9f630aceae40a8c61143395b8c9	1fd43e05e34132b79f6f531ea9997b00fbf2e9f630aceae40a8c61143395b8c9	NOT_APPLICABLE_AUTHORED_RECOVERY_FILE	recovery metadata/tooling
stored_in_git	recovery/build_snapshot.py	recovery/build_snapshot.py	18741	e7a9be9e41c65f40b579b82a3fc2dfdb6950eec5ba22721b9e1f1c96a9b2fe98	e7a9be9e41c65f40b579b82a3fc2dfdb6950eec5ba22721b9e1f1c96a9b2fe98	NOT_APPLICABLE_AUTHORED_RECOVERY_FILE	recovery metadata/tooling
stored_in_git	recovery/current_installed_packages.txt	recovery/current_installed_packages.txt	2911	8451702968a45126e95040270651f3887ebcc44ea7ee747c7b0a751cf7680168	8451702968a45126e95040270651f3887ebcc44ea7ee747c7b0a751cf7680168	NOT_APPLICABLE_AUTHORED_RECOVERY_FILE	recovery metadata/tooling
stored_in_git	recovery/download_upstreams.sh	recovery/download_upstreams.sh	2729	f5a77ba7287ef49a4a515d80a3e6c3d512343f78829c71e202f9dd1efe088363	f5a77ba7287ef49a4a515d80a3e6c3d512343f78829c71e202f9dd1efe088363	NOT_APPLICABLE_AUTHORED_RECOVERY_FILE	recovery metadata/tooling
stored_in_git	recovery/patches/robosuite-1.4.0-log-path.patch	recovery/patches/robosuite-1.4.0-log-path.patch	812	a6656128b8d3609a5d21087ed3a02587aaf206ed3c8d603d65ed9eb75f0a9bdb	a6656128b8d3609a5d21087ed3a02587aaf206ed3c8d603d65ed9eb75f0a9bdb	NOT_APPLICABLE_AUTHORED_RECOVERY_FILE	recovery metadata/tooling
stored_in_git	recovery/path_map.example.env	recovery/path_map.example.env	490	0293a931361e3d772a33fab237001337f224d689c9945bf78a1d3e1c20c5e749	0293a931361e3d772a33fab237001337f224d689c9945bf78a1d3e1c20c5e749	NOT_APPLICABLE_AUTHORED_RECOVERY_FILE	recovery metadata/tooling
stored_in_git	recovery/release_asset_manifest.json	recovery/release_asset_manifest.json	42815	b3c3ad0a64f9763ae6ceec20167633c0dfdb8821c75e298f2b8857c120bab446	b3c3ad0a64f9763ae6ceec20167633c0dfdb8821c75e298f2b8857c120bab446	NOT_APPLICABLE_AUTHORED_RECOVERY_FILE	recovery metadata/tooling
stored_in_git	recovery/reproduce_key_results.sh	recovery/reproduce_key_results.sh	8174	859bb8bf012d2abb65f6588c066e89002173c71aa072fa6695a81b2411c3d2e9	859bb8bf012d2abb65f6588c066e89002173c71aa072fa6695a81b2411c3d2e9	NOT_APPLICABLE_AUTHORED_RECOVERY_FILE	recovery metadata/tooling
stored_in_git	recovery/verify_archive.sh	recovery/verify_archive.sh	2522	b40cf0a928a0df748efe8a1d9cadbf7f3e81ed05eb60de48170283775a2f2198	b40cf0a928a0df748efe8a1d9cadbf7f3e81ed05eb60de48170283775a2f2198	NOT_APPLICABLE_AUTHORED_RECOVERY_FILE	recovery metadata/tooling
stored_in_git	checkpoints/LFS_CANDIDATES.tsv	checkpoints/LFS_CANDIDATES.tsv	1746	51a586eb0d225f61906227737678c38717c71450424f348aac748f89d38642ae	51a586eb0d225f61906227737678c38717c71450424f348aac748f89d38642ae	NOT_APPLICABLE_AUTHORED_RECOVERY_FILE	recovery metadata/tooling
stored_in_git	checkpoints/checkpoint_map.json	checkpoints/checkpoint_map.json	28276	08f7dd6a67e1e65b7853271cf14057d55e7d6f5d2bd78a31b4fcf71d62312f55	08f7dd6a67e1e65b7853271cf14057d55e7d6f5d2bd78a31b4fcf71d62312f55	NOT_APPLICABLE_AUTHORED_RECOVERY_FILE	recovery metadata/tooling
stored_in_git	results/raw_binary_manifest.tsv	results/raw_binary_manifest.tsv	21607	1eeb9fe4b6cfc098b25d2e1cc605dd31d541e49db00db3fc7f76900dd31df811	1eeb9fe4b6cfc098b25d2e1cc605dd31d541e49db00db3fc7f76900dd31df811	NOT_APPLICABLE_AUTHORED_RECOVERY_FILE	external raw-binary inventory
future_lfs_candidate	checkpoints/assets/m0_seed520001/update_05000/model.safetensors	/mnt/NAS/data/hl5757/models/flowspec-vla/phase1_rerun/runs/m0_seed520001/update_05000/model.safetensors	906712552	7672e2d51e76b64919bb65306dfa3d827f5133baff32b8df54ba1f556c684042	NOT_STORED_IN_PASS_2A	RECOVERY_DESTINATION_ONLY	minimum unique final inference weights
future_lfs_candidate	checkpoints/assets/m0_seed520002/update_05000/model.safetensors	/mnt/NAS/data/hl5757/models/flowspec-vla/phase1_rerun/runs/m0_seed520002/update_05000/model.safetensors	906712552	b59dbd06cdafaeacdf779b95c32d4ef1515ebeabcc0115fd308a04a69b8560d9	NOT_STORED_IN_PASS_2A	RECOVERY_DESTINATION_ONLY	minimum unique final inference weights
future_lfs_candidate	checkpoints/assets/m0_seed520003/update_05000/model.safetensors	/mnt/NAS/data/hl5757/models/flowspec-vla/phase1_rerun/runs/m0_seed520003/update_05000/model.safetensors	906712552	f86232db0d78a78ff5cea8a515d0d79661562582c69ef5c74434636e75f200e0	NOT_STORED_IN_PASS_2A	RECOVERY_DESTINATION_ONLY	minimum unique final inference weights
future_lfs_candidate	checkpoints/assets/m1_seed520001/update_05000/model.safetensors	/mnt/NAS/data/hl5757/models/flowspec-vla/phase1_rerun/runs/m1_seed520001/update_05000/model.safetensors	906712552	facb2f67e2385f6b6b7486faeee1d328460d528766f3602a0a114253e06c209e	NOT_STORED_IN_PASS_2A	RECOVERY_DESTINATION_ONLY	minimum unique final inference weights
future_lfs_candidate	checkpoints/assets/m1_seed520002/update_05000/model.safetensors	/mnt/NAS/data/hl5757/models/flowspec-vla/phase1_rerun/runs/m1_seed520002/update_05000/model.safetensors	906712552	1abc847165326a4718bee3bd3b1a1b900ec15c82956da56ff75c1f0192a0a563	NOT_STORED_IN_PASS_2A	RECOVERY_DESTINATION_ONLY	minimum unique final inference weights
future_lfs_candidate	checkpoints/assets/m1_seed520003/update_05000/model.safetensors	/mnt/NAS/data/hl5757/models/flowspec-vla/phase1_rerun/runs/m1_seed520003/update_05000/model.safetensors	906712552	8a0ccf8992193ec247f73635cdfca9d9e2b7ac8b4e8395a09740fe796f13a213	NOT_STORED_IN_PASS_2A	RECOVERY_DESTINATION_ONLY	minimum unique final inference weights
future_lfs_candidate	NOT_STORED_IN_PASS_2A	/mnt/NAS/data/hl5757/generated_artifacts/flowspec-vla/gate0/gate0a_raw_shard0.npz	29118944	cfb91823e7b08828678358101519adff08b13fadb3d29c8b2154271420fcda92	NOT_STORED_IN_PASS_2A	NONE	Gate-0 raw numerical audit
future_lfs_candidate	NOT_STORED_IN_PASS_2A	/mnt/NAS/data/hl5757/generated_artifacts/flowspec-vla/gate0/gate0a_raw_shard1.npz	29121728	8537ab6b0de2e7583cc3dea3139db1baef5f0b24eb5b9063b9110c5e52e1dd45	NOT_STORED_IN_PASS_2A	NONE	Gate-0 raw numerical audit
future_lfs_candidate	NOT_STORED_IN_PASS_2A	/mnt/NAS/data/hl5757/generated_artifacts/flowspec-vla/gate0/gate0b_frozen_data.pt	252116129	09b616fcd21cbc08ccc6e5ff8b23531a99226f84a7a21f4aa0423656a836233c	NOT_STORED_IN_PASS_2A	NONE	Gate-0 frozen/raw tensor evidence
future_lfs_candidate	NOT_STORED_IN_PASS_2A	/mnt/NAS/data/hl5757/generated_artifacts/flowspec-vla/gate0/gate0b_randomness.pt	823181	1c4a3da6f0bcb96ef5f2937e93590238819595abffd216f2efe46df6cbe030b5	NOT_STORED_IN_PASS_2A	NONE	Gate-0 frozen/raw tensor evidence
future_lfs_candidate	NOT_STORED_IN_PASS_2A	/mnt/NAS/data/hl5757/generated_artifacts/flowspec-vla/phase1_rerun/runs/m0_seed520001/validation_update00000.npz	716926	2369162e3f73e93d7bfd795ad951b1c1938b8013e7a397830bce1c55e5f6e0bb	NOT_STORED_IN_PASS_2A	NONE	Clean rerun physical validation arrays
future_lfs_candidate	NOT_STORED_IN_PASS_2A	/mnt/NAS/data/hl5757/generated_artifacts/flowspec-vla/phase1_rerun/runs/m0_seed520001/validation_update00250.npz	721824	67f889660a37d843c362253645ba1b6800e9c4df9bd7aed895b8f375a413279d	NOT_STORED_IN_PASS_2A	NONE	Clean rerun physical validation arrays
future_lfs_candidate	NOT_STORED_IN_PASS_2A	/mnt/NAS/data/hl5757/generated_artifacts/flowspec-vla/phase1_rerun/runs/m0_seed520001/validation_update00500.npz	722130	22817149dcf11e5cb02da82870465e480c3f1a144e9ff126deacc6e338398d48	NOT_STORED_IN_PASS_2A	NONE	Clean rerun physical validation arrays
future_lfs_candidate	NOT_STORED_IN_PASS_2A	/mnt/NAS/data/hl5757/generated_artifacts/flowspec-vla/phase1_rerun/runs/m0_seed520001/validation_update01000.npz	722698	9c6ab9f97a5288bb9fc04a347535dbbde981c133bfbf6976ab382e47f5271d0c	NOT_STORED_IN_PASS_2A	NONE	Clean rerun physical validation arrays
future_lfs_candidate	NOT_STORED_IN_PASS_2A	/mnt/NAS/data/hl5757/generated_artifacts/flowspec-vla/phase1_rerun/runs/m0_seed520001/validation_update02000.npz	723283	832786809fa6b41b3dfeb1d6836d2565733cb6ef69fa436cf69b5bbf68e5e494	NOT_STORED_IN_PASS_2A	NONE	Clean rerun physical validation arrays
future_lfs_candidate	NOT_STORED_IN_PASS_2A	/mnt/NAS/data/hl5757/generated_artifacts/flowspec-vla/phase1_rerun/runs/m0_seed520001/validation_update03000.npz	723222	ab7871df9d91161d6349aab8f2810537aa0a574f2919e626260b0082fd6d465a	NOT_STORED_IN_PASS_2A	NONE	Clean rerun physical validation arrays
future_lfs_candidate	NOT_STORED_IN_PASS_2A	/mnt/NAS/data/hl5757/generated_artifacts/flowspec-vla/phase1_rerun/runs/m0_seed520001/validation_update04000.npz	723343	d7fe7a7bdc528f45cc05827b0e017c366d39c75d7adc19f02bc5870eb10aa6f5	NOT_STORED_IN_PASS_2A	NONE	Clean rerun physical validation arrays
future_lfs_candidate	NOT_STORED_IN_PASS_2A	/mnt/NAS/data/hl5757/generated_artifacts/flowspec-vla/phase1_rerun/runs/m0_seed520001/validation_update05000.npz	723331	cba746c7c0d5d24df4208b4b1c0b52d10675240bc394b45b980aecda039c1d4c	NOT_STORED_IN_PASS_2A	NONE	Clean rerun physical validation arrays
future_lfs_candidate	NOT_STORED_IN_PASS_2A	/mnt/NAS/data/hl5757/generated_artifacts/flowspec-vla/phase1_rerun/runs/m0_seed520002/validation_update00000.npz	716926	2369162e3f73e93d7bfd795ad951b1c1938b8013e7a397830bce1c55e5f6e0bb	NOT_STORED_IN_PASS_2A	NONE	Clean rerun physical validation arrays
future_lfs_candidate	NOT_STORED_IN_PASS_2A	/mnt/NAS/data/hl5757/generated_artifacts/flowspec-vla/phase1_rerun/runs/m0_seed520002/validation_update00250.npz	721922	5d8559f874678949395bbff43dc210cc5614a18a63560bcea1250f6d8408f1c5	NOT_STORED_IN_PASS_2A	NONE	Clean rerun physical validation arrays
future_lfs_candidate	NOT_STORED_IN_PASS_2A	/mnt/NAS/data/hl5757/generated_artifacts/flowspec-vla/phase1_rerun/runs/m0_seed520002/validation_update00500.npz	722697	d5da57e3782aa565593595d8711d1fd08f435064f5272a812418a5eebb57f1ea	NOT_STORED_IN_PASS_2A	NONE	Clean rerun physical validation arrays
future_lfs_candidate	NOT_STORED_IN_PASS_2A	/mnt/NAS/data/hl5757/generated_artifacts/flowspec-vla/phase1_rerun/runs/m0_seed520002/validation_update01000.npz	723129	87447902ebf68d289d753d5d2e0980055d338b818452b25f81cc1910c36ede4b	NOT_STORED_IN_PASS_2A	NONE	Clean rerun physical validation arrays
future_lfs_candidate	NOT_STORED_IN_PASS_2A	/mnt/NAS/data/hl5757/generated_artifacts/flowspec-vla/phase1_rerun/runs/m0_seed520002/validation_update02000.npz	723101	51154b4cd788ed03eabf441a3d55afd3af53e2bb759ce0d4a09e42f6c2f08f88	NOT_STORED_IN_PASS_2A	NONE	Clean rerun physical validation arrays
future_lfs_candidate	NOT_STORED_IN_PASS_2A	/mnt/NAS/data/hl5757/generated_artifacts/flowspec-vla/phase1_rerun/runs/m0_seed520002/validation_update03000.npz	723477	cef7bbea1f8d7ed4b53b0b86fefc66bce3052432e5f626f016bab12b031286eb	NOT_STORED_IN_PASS_2A	NONE	Clean rerun physical validation arrays
future_lfs_candidate	NOT_STORED_IN_PASS_2A	/mnt/NAS/data/hl5757/generated_artifacts/flowspec-vla/phase1_rerun/runs/m0_seed520002/validation_update04000.npz	723364	220238c483b7cfe99586aca755bbd03b5882350bbc57f47878b0c16dc9bf2d5c	NOT_STORED_IN_PASS_2A	NONE	Clean rerun physical validation arrays
future_lfs_candidate	NOT_STORED_IN_PASS_2A	/mnt/NAS/data/hl5757/generated_artifacts/flowspec-vla/phase1_rerun/runs/m0_seed520002/validation_update05000.npz	723285	95bd6ae2055777c41e5b122e21468c14d9c36ca3af9f3c5988a97a5611de122a	NOT_STORED_IN_PASS_2A	NONE	Clean rerun physical validation arrays
future_lfs_candidate	NOT_STORED_IN_PASS_2A	/mnt/NAS/data/hl5757/generated_artifacts/flowspec-vla/phase1_rerun/runs/m0_seed520003/validation_update00000.npz	716926	2369162e3f73e93d7bfd795ad951b1c1938b8013e7a397830bce1c55e5f6e0bb	NOT_STORED_IN_PASS_2A	NONE	Clean rerun physical validation arrays
future_lfs_candidate	NOT_STORED_IN_PASS_2A	/mnt/NAS/data/hl5757/generated_artifacts/flowspec-vla/phase1_rerun/runs/m0_seed520003/validation_update00250.npz	722355	9fac2c776da14bfb556e3c8ec4cae462b6f259979a73e18f140e12072b42f921	NOT_STORED_IN_PASS_2A	NONE	Clean rerun physical validation arrays
future_lfs_candidate	NOT_STORED_IN_PASS_2A	/mnt/NAS/data/hl5757/generated_artifacts/flowspec-vla/phase1_rerun/runs/m0_seed520003/validation_update00500.npz	722625	e161c7f00c519d5b4cd7580aac8ff6ad694e1b36e6078683a8c91499b9c019b3	NOT_STORED_IN_PASS_2A	NONE	Clean rerun physical validation arrays
future_lfs_candidate	NOT_STORED_IN_PASS_2A	/mnt/NAS/data/hl5757/generated_artifacts/flowspec-vla/phase1_rerun/runs/m0_seed520003/validation_update01000.npz	722867	95d4c18265731bfe7a39bf9710928342a84d091228a9136565dfae0e359f6437	NOT_STORED_IN_PASS_2A	NONE	Clean rerun physical validation arrays
future_lfs_candidate	NOT_STORED_IN_PASS_2A	/mnt/NAS/data/hl5757/generated_artifacts/flowspec-vla/phase1_rerun/runs/m0_seed520003/validation_update02000.npz	723402	35e3cc2c1d139e7b9b61d9950fbc3a22b1e87668e0159cf24cebd66079948e1b	NOT_STORED_IN_PASS_2A	NONE	Clean rerun physical validation arrays
future_lfs_candidate	NOT_STORED_IN_PASS_2A	/mnt/NAS/data/hl5757/generated_artifacts/flowspec-vla/phase1_rerun/runs/m0_seed520003/validation_update03000.npz	723467	2ed80daf786e9cc64ff58e2dcd1e5eb06bf2953ed1588a4a949f5302a0e35fbb	NOT_STORED_IN_PASS_2A	NONE	Clean rerun physical validation arrays
future_lfs_candidate	NOT_STORED_IN_PASS_2A	/mnt/NAS/data/hl5757/generated_artifacts/flowspec-vla/phase1_rerun/runs/m0_seed520003/validation_update04000.npz	723316	e42debf0f730ffaac405f0149cfb09245461d988a4cf23f98e0e5a9e896002a3	NOT_STORED_IN_PASS_2A	NONE	Clean rerun physical validation arrays
future_lfs_candidate	NOT_STORED_IN_PASS_2A	/mnt/NAS/data/hl5757/generated_artifacts/flowspec-vla/phase1_rerun/runs/m0_seed520003/validation_update05000.npz	723245	aedffbde66a7398601d7460cce7e59bcef64d498eb893519d984557d284e307e	NOT_STORED_IN_PASS_2A	NONE	Clean rerun physical validation arrays
future_lfs_candidate	NOT_STORED_IN_PASS_2A	/mnt/NAS/data/hl5757/generated_artifacts/flowspec-vla/phase1_rerun/runs/m1_seed520001/validation_update00000.npz	716659	3453fe16cb2b5d99586fa3d9d8e1ddbac57039b82567b6c8cb857dc7c86c4808	NOT_STORED_IN_PASS_2A	NONE	Clean rerun physical validation arrays
future_lfs_candidate	NOT_STORED_IN_PASS_2A	/mnt/NAS/data/hl5757/generated_artifacts/flowspec-vla/phase1_rerun/runs/m1_seed520001/validation_update00250.npz	722098	8596df03bb5586c0f62b2fd0ea5b38beff12c637c1880110baddfb2a80889e29	NOT_STORED_IN_PASS_2A	NONE	Clean rerun physical validation arrays
future_lfs_candidate	NOT_STORED_IN_PASS_2A	/mnt/NAS/data/hl5757/generated_artifacts/flowspec-vla/phase1_rerun/runs/m1_seed520001/validation_update00500.npz	722316	13650763e6b2004d13d3a2d3768a2c3ff612b0f0ffbff6efbdb27af5c23fbd04	NOT_STORED_IN_PASS_2A	NONE	Clean rerun physical validation arrays
future_lfs_candidate	NOT_STORED_IN_PASS_2A	/mnt/NAS/data/hl5757/generated_artifacts/flowspec-vla/phase1_rerun/runs/m1_seed520001/validation_update01000.npz	722992	494219b4ca8d67082f9cec45dd1d3c11d429135281d71491545101dc5b439c7a	NOT_STORED_IN_PASS_2A	NONE	Clean rerun physical validation arrays
future_lfs_candidate	NOT_STORED_IN_PASS_2A	/mnt/NAS/data/hl5757/generated_artifacts/flowspec-vla/phase1_rerun/runs/m1_seed520001/validation_update02000.npz	723205	15fc8ea55cfe99266859cd5197e7d3ce37c5a08c2355f6f9330b63b17226fe5f	NOT_STORED_IN_PASS_2A	NONE	Clean rerun physical validation arrays
future_lfs_candidate	NOT_STORED_IN_PASS_2A	/mnt/NAS/data/hl5757/generated_artifacts/flowspec-vla/phase1_rerun/runs/m1_seed520001/validation_update03000.npz	723455	2d73cdfafc91335c43d7bf226c3e2b6023a0e02ca9f4209f52a8bb56254e08b4	NOT_STORED_IN_PASS_2A	NONE	Clean rerun physical validation arrays
future_lfs_candidate	NOT_STORED_IN_PASS_2A	/mnt/NAS/data/hl5757/generated_artifacts/flowspec-vla/phase1_rerun/runs/m1_seed520001/validation_update04000.npz	723468	5450cde62d7726f1d2967d30f61183534e716329350f85c4e53d8ed856c33889	NOT_STORED_IN_PASS_2A	NONE	Clean rerun physical validation arrays
future_lfs_candidate	NOT_STORED_IN_PASS_2A	/mnt/NAS/data/hl5757/generated_artifacts/flowspec-vla/phase1_rerun/runs/m1_seed520001/validation_update05000.npz	723506	17c3083d19dc224a24e98a3142dfde9dbe6e2e83c48cd3f9ca1f63ce7c04f9da	NOT_STORED_IN_PASS_2A	NONE	Clean rerun physical validation arrays
future_lfs_candidate	NOT_STORED_IN_PASS_2A	/mnt/NAS/data/hl5757/generated_artifacts/flowspec-vla/phase1_rerun/runs/m1_seed520002/validation_update00000.npz	716659	3453fe16cb2b5d99586fa3d9d8e1ddbac57039b82567b6c8cb857dc7c86c4808	NOT_STORED_IN_PASS_2A	NONE	Clean rerun physical validation arrays
future_lfs_candidate	NOT_STORED_IN_PASS_2A	/mnt/NAS/data/hl5757/generated_artifacts/flowspec-vla/phase1_rerun/runs/m1_seed520002/validation_update00250.npz	721350	069c27d9ee4c1d818800469477116dd4442c78f4e40493cac692c9471857227e	NOT_STORED_IN_PASS_2A	NONE	Clean rerun physical validation arrays
future_lfs_candidate	NOT_STORED_IN_PASS_2A	/mnt/NAS/data/hl5757/generated_artifacts/flowspec-vla/phase1_rerun/runs/m1_seed520002/validation_update00500.npz	722796	796669f5a33aa7c9f969aaae99e48193f355b4e9fbbebd7f52cfad2566f0c6ca	NOT_STORED_IN_PASS_2A	NONE	Clean rerun physical validation arrays
future_lfs_candidate	NOT_STORED_IN_PASS_2A	/mnt/NAS/data/hl5757/generated_artifacts/flowspec-vla/phase1_rerun/runs/m1_seed520002/validation_update01000.npz	722985	cc8b7fe276df4cda204c5edccf1bab5c2538bc928f8112b056ecdf141a0893e0	NOT_STORED_IN_PASS_2A	NONE	Clean rerun physical validation arrays
future_lfs_candidate	NOT_STORED_IN_PASS_2A	/mnt/NAS/data/hl5757/generated_artifacts/flowspec-vla/phase1_rerun/runs/m1_seed520002/validation_update02000.npz	723093	f35f59aa0430f4f53635470864b705d8f39b26a42907c0ea68c400bbdf45ef0a	NOT_STORED_IN_PASS_2A	NONE	Clean rerun physical validation arrays
future_lfs_candidate	NOT_STORED_IN_PASS_2A	/mnt/NAS/data/hl5757/generated_artifacts/flowspec-vla/phase1_rerun/runs/m1_seed520002/validation_update03000.npz	723600	586bff404c9370cc4c85d0c364c3b8cb20bac813770ccee0d4a31f6783967777	NOT_STORED_IN_PASS_2A	NONE	Clean rerun physical validation arrays
future_lfs_candidate	NOT_STORED_IN_PASS_2A	/mnt/NAS/data/hl5757/generated_artifacts/flowspec-vla/phase1_rerun/runs/m1_seed520002/validation_update04000.npz	723400	54cbc8143ae57e36229b5ad4c06b1f138b22ebcc6ce2a5864a663386d4acfb3b	NOT_STORED_IN_PASS_2A	NONE	Clean rerun physical validation arrays
future_lfs_candidate	NOT_STORED_IN_PASS_2A	/mnt/NAS/data/hl5757/generated_artifacts/flowspec-vla/phase1_rerun/runs/m1_seed520002/validation_update05000.npz	723544	d5b44ea9cb1a6c718024d45d8ce354aed67b48b3b3de86846ed432982e5457e0	NOT_STORED_IN_PASS_2A	NONE	Clean rerun physical validation arrays
future_lfs_candidate	NOT_STORED_IN_PASS_2A	/mnt/NAS/data/hl5757/generated_artifacts/flowspec-vla/phase1_rerun/runs/m1_seed520003/validation_update00000.npz	716659	3453fe16cb2b5d99586fa3d9d8e1ddbac57039b82567b6c8cb857dc7c86c4808	NOT_STORED_IN_PASS_2A	NONE	Clean rerun physical validation arrays
future_lfs_candidate	NOT_STORED_IN_PASS_2A	/mnt/NAS/data/hl5757/generated_artifacts/flowspec-vla/phase1_rerun/runs/m1_seed520003/validation_update00250.npz	722328	b463357e201910e022cdc991969a791c2694fed9d2d82b73e27a075794497207	NOT_STORED_IN_PASS_2A	NONE	Clean rerun physical validation arrays
future_lfs_candidate	NOT_STORED_IN_PASS_2A	/mnt/NAS/data/hl5757/generated_artifacts/flowspec-vla/phase1_rerun/runs/m1_seed520003/validation_update00500.npz	722376	6b30b4f54057ece60c0e79a263c952687dfead3c9b27723a3f0fcc778c89f209	NOT_STORED_IN_PASS_2A	NONE	Clean rerun physical validation arrays
future_lfs_candidate	NOT_STORED_IN_PASS_2A	/mnt/NAS/data/hl5757/generated_artifacts/flowspec-vla/phase1_rerun/runs/m1_seed520003/validation_update01000.npz	723042	7d3251b32c7f979807698e539e14cc7ec7246c5cb0ff69afa2c885e8eee6bd25	NOT_STORED_IN_PASS_2A	NONE	Clean rerun physical validation arrays
future_lfs_candidate	NOT_STORED_IN_PASS_2A	/mnt/NAS/data/hl5757/generated_artifacts/flowspec-vla/phase1_rerun/runs/m1_seed520003/validation_update02000.npz	723406	e4340bf90c00e343089816c6afb2a8f353188b8a509a05f266c91647b612afa8	NOT_STORED_IN_PASS_2A	NONE	Clean rerun physical validation arrays
future_lfs_candidate	NOT_STORED_IN_PASS_2A	/mnt/NAS/data/hl5757/generated_artifacts/flowspec-vla/phase1_rerun/runs/m1_seed520003/validation_update03000.npz	723443	6c8f2ed2f3c5b47ef8434b9b4f8dc049234f3a62f540ea0f874e1e3703509e9d	NOT_STORED_IN_PASS_2A	NONE	Clean rerun physical validation arrays
future_lfs_candidate	NOT_STORED_IN_PASS_2A	/mnt/NAS/data/hl5757/generated_artifacts/flowspec-vla/phase1_rerun/runs/m1_seed520003/validation_update04000.npz	723472	b6b79e1f4ad0b4189feecdd2a32b555118726f753d59436bf722b2eb95a3579f	NOT_STORED_IN_PASS_2A	NONE	Clean rerun physical validation arrays
future_lfs_candidate	NOT_STORED_IN_PASS_2A	/mnt/NAS/data/hl5757/generated_artifacts/flowspec-vla/phase1_rerun/runs/m1_seed520003/validation_update05000.npz	723430	b3a72197225662b0aaa268e7d5b7a55fb11df036782fa65ae8eaba6ac057d0c2	NOT_STORED_IN_PASS_2A	NONE	Clean rerun physical validation arrays
future_lfs_candidate	NOT_STORED_IN_PASS_2A	/mnt/NAS/data/hl5757/generated_artifacts/flowspec-vla/phase1_rerun/runs/m2_seed520001/validation_update00000.npz	716633	78c04adecb04c7660955d7f66a6cada80fe8a134727f90e629aaad83ba79582f	NOT_STORED_IN_PASS_2A	NONE	Clean rerun physical validation arrays
future_lfs_candidate	NOT_STORED_IN_PASS_2A	/mnt/NAS/data/hl5757/generated_artifacts/flowspec-vla/phase1_rerun/runs/m2_seed520001/validation_update00250.npz	722092	46d46ed399b119aa3e0478316caf21ce960ebf8a8c2dd975ab03ff50cf1908e4	NOT_STORED_IN_PASS_2A	NONE	Clean rerun physical validation arrays
future_lfs_candidate	NOT_STORED_IN_PASS_2A	/mnt/NAS/data/hl5757/generated_artifacts/flowspec-vla/phase1_rerun/runs/m2_seed520001/validation_update00500.npz	722197	1fe288a8ae32610d1f986b73297e7d1b1fd25280a7baf2a27152f192e5f88dfc	NOT_STORED_IN_PASS_2A	NONE	Clean rerun physical validation arrays
future_lfs_candidate	NOT_STORED_IN_PASS_2A	/mnt/NAS/data/hl5757/generated_artifacts/flowspec-vla/phase1_rerun/runs/m2_seed520001/validation_update01000.npz	723034	3f0f53142075cdddf1558fbfe4b271dba17905d0bc96b749e2fabbfd6c308c75	NOT_STORED_IN_PASS_2A	NONE	Clean rerun physical validation arrays
future_lfs_candidate	NOT_STORED_IN_PASS_2A	/mnt/NAS/data/hl5757/generated_artifacts/flowspec-vla/phase1_rerun/runs/m2_seed520001/validation_update02000.npz	723112	c7a12b731df464d62c4619213b1d31ead6d29454214f0d0065e059ac814391c3	NOT_STORED_IN_PASS_2A	NONE	Clean rerun physical validation arrays
future_lfs_candidate	NOT_STORED_IN_PASS_2A	/mnt/NAS/data/hl5757/generated_artifacts/flowspec-vla/phase1_rerun/runs/m2_seed520001/validation_update03000.npz	723229	78c79a65a1420929965fa320bd12e32c71cac792aa552b64a9ab1fbe8e35d8e5	NOT_STORED_IN_PASS_2A	NONE	Clean rerun physical validation arrays
future_lfs_candidate	NOT_STORED_IN_PASS_2A	/mnt/NAS/data/hl5757/generated_artifacts/flowspec-vla/phase1_rerun/runs/m2_seed520001/validation_update04000.npz	723184	33bbaee76b3c82cfe0112f8b8a445348f2058f536615e9c11e001ee61f02b7eb	NOT_STORED_IN_PASS_2A	NONE	Clean rerun physical validation arrays
future_lfs_candidate	NOT_STORED_IN_PASS_2A	/mnt/NAS/data/hl5757/generated_artifacts/flowspec-vla/phase1_rerun/runs/m2_seed520001/validation_update05000.npz	723119	ebc2835c967aa0660354ad49c72168dce9f0b304113b24923dc618748b7bc924	NOT_STORED_IN_PASS_2A	NONE	Clean rerun physical validation arrays
future_lfs_candidate	NOT_STORED_IN_PASS_2A	/mnt/NAS/data/hl5757/generated_artifacts/flowspec-vla/phase1_rerun/runs/m2_seed520002/validation_update00000.npz	716633	78c04adecb04c7660955d7f66a6cada80fe8a134727f90e629aaad83ba79582f	NOT_STORED_IN_PASS_2A	NONE	Clean rerun physical validation arrays
future_lfs_candidate	NOT_STORED_IN_PASS_2A	/mnt/NAS/data/hl5757/generated_artifacts/flowspec-vla/phase1_rerun/runs/m2_seed520002/validation_update00250.npz	721393	e9f2c772156de3a94eb27d309a28c7800ab254ae191c76a3a52bf32d00449f4e	NOT_STORED_IN_PASS_2A	NONE	Clean rerun physical validation arrays
future_lfs_candidate	NOT_STORED_IN_PASS_2A	/mnt/NAS/data/hl5757/generated_artifacts/flowspec-vla/phase1_rerun/runs/m2_seed520002/validation_update00500.npz	722714	d95c3ccdcf31e2695b5c2246d6fbfb7a87bb1cc3e16d45d834f08d64227f2adb	NOT_STORED_IN_PASS_2A	NONE	Clean rerun physical validation arrays
future_lfs_candidate	NOT_STORED_IN_PASS_2A	/mnt/NAS/data/hl5757/generated_artifacts/flowspec-vla/phase1_rerun/runs/m2_seed520002/validation_update01000.npz	722917	59e309f43008e180bd2c24d44bc83b4dc07c73c670ab09bda031a58175e9de58	NOT_STORED_IN_PASS_2A	NONE	Clean rerun physical validation arrays
future_lfs_candidate	NOT_STORED_IN_PASS_2A	/mnt/NAS/data/hl5757/generated_artifacts/flowspec-vla/phase1_rerun/runs/m2_seed520002/validation_update02000.npz	722989	5ab92a99277efd7aee9bb97a784826ba0273f03ae084315542fe7bd4eec6081c	NOT_STORED_IN_PASS_2A	NONE	Clean rerun physical validation arrays
future_lfs_candidate	NOT_STORED_IN_PASS_2A	/mnt/NAS/data/hl5757/generated_artifacts/flowspec-vla/phase1_rerun/runs/m2_seed520002/validation_update03000.npz	723213	32d5c7e6e6fb75f264e8144ed56d0a273616cfa69b2e8991e1c756d0082a7996	NOT_STORED_IN_PASS_2A	NONE	Clean rerun physical validation arrays
future_lfs_candidate	NOT_STORED_IN_PASS_2A	/mnt/NAS/data/hl5757/generated_artifacts/flowspec-vla/phase1_rerun/runs/m2_seed520002/validation_update04000.npz	723166	bc7f393b16bc48ae33747b9549c25917245b58c2414610b78cd52bc63bb5d79e	NOT_STORED_IN_PASS_2A	NONE	Clean rerun physical validation arrays
future_lfs_candidate	NOT_STORED_IN_PASS_2A	/mnt/NAS/data/hl5757/generated_artifacts/flowspec-vla/phase1_rerun/runs/m2_seed520002/validation_update05000.npz	723365	b49d2e8caa29a8746ff5cebc3b6d977058c2f8ccac6846ee5cb7660d4508c22d	NOT_STORED_IN_PASS_2A	NONE	Clean rerun physical validation arrays
future_lfs_candidate	NOT_STORED_IN_PASS_2A	/mnt/NAS/data/hl5757/generated_artifacts/flowspec-vla/phase1_rerun/runs/m2_seed520003/validation_update00000.npz	716633	78c04adecb04c7660955d7f66a6cada80fe8a134727f90e629aaad83ba79582f	NOT_STORED_IN_PASS_2A	NONE	Clean rerun physical validation arrays
future_lfs_candidate	NOT_STORED_IN_PASS_2A	/mnt/NAS/data/hl5757/generated_artifacts/flowspec-vla/phase1_rerun/runs/m2_seed520003/validation_update00250.npz	722376	f25f8c9350f6a2ad9ec3f7c86ae057e45d5d8fcc878ff7b167cebe79aaa511b8	NOT_STORED_IN_PASS_2A	NONE	Clean rerun physical validation arrays
future_lfs_candidate	NOT_STORED_IN_PASS_2A	/mnt/NAS/data/hl5757/generated_artifacts/flowspec-vla/phase1_rerun/runs/m2_seed520003/validation_update00500.npz	722293	f612c8ab2815bb080b03bf8a35f2cd3b1e10f97cc0d2830663bd7faf01502456	NOT_STORED_IN_PASS_2A	NONE	Clean rerun physical validation arrays
future_lfs_candidate	NOT_STORED_IN_PASS_2A	/mnt/NAS/data/hl5757/generated_artifacts/flowspec-vla/phase1_rerun/runs/m2_seed520003/validation_update01000.npz	722896	87f6857ec7b391d9da55f58c34309f7ca8f858742e788a84d7c3fd762052b88d	NOT_STORED_IN_PASS_2A	NONE	Clean rerun physical validation arrays
future_lfs_candidate	NOT_STORED_IN_PASS_2A	/mnt/NAS/data/hl5757/generated_artifacts/flowspec-vla/phase1_rerun/runs/m2_seed520003/validation_update02000.npz	723419	4e21fcff0d567c76bb4939a9ca60043401855f4589b8c8b695a672a3e7ad07d9	NOT_STORED_IN_PASS_2A	NONE	Clean rerun physical validation arrays
future_lfs_candidate	NOT_STORED_IN_PASS_2A	/mnt/NAS/data/hl5757/generated_artifacts/flowspec-vla/phase1_rerun/runs/m2_seed520003/validation_update03000.npz	723401	3813518850012fd93078e55d16d4b07a466e6e8a0e58bd58e41d495c8fa160e5	NOT_STORED_IN_PASS_2A	NONE	Clean rerun physical validation arrays
future_lfs_candidate	NOT_STORED_IN_PASS_2A	/mnt/NAS/data/hl5757/generated_artifacts/flowspec-vla/phase1_rerun/runs/m2_seed520003/validation_update04000.npz	723152	83755c16ce2259530f350370ebdf6d25ddf30c1923b3a0ce0bcda3e601ee64c7	NOT_STORED_IN_PASS_2A	NONE	Clean rerun physical validation arrays
future_lfs_candidate	NOT_STORED_IN_PASS_2A	/mnt/NAS/data/hl5757/generated_artifacts/flowspec-vla/phase1_rerun/runs/m2_seed520003/validation_update05000.npz	722997	17f9e4bd932007155f68d279876ecfdf3a88a89e46d2b61dc12ae725dc3fee3c	NOT_STORED_IN_PASS_2A	NONE	Clean rerun physical validation arrays
future_lfs_candidate	NOT_STORED_IN_PASS_2A	/mnt/NAS/data/hl5757/generated_artifacts/flowspec-vla/phase1_rerun/leakage/initial_m0.npz	56780961	463b81c33d3282188c03bad2095999a91e43c3f091ed63a49d61069717b762a4	NOT_STORED_IN_PASS_2A	NONE	Clean rerun leakage mechanism arrays
future_lfs_candidate	NOT_STORED_IN_PASS_2A	/mnt/NAS/data/hl5757/generated_artifacts/flowspec-vla/phase1_rerun/leakage/initial_m1.npz	56776188	0808010612ce1e901607f1225d05af022a2338c56e89695e511116b81508f3e6	NOT_STORED_IN_PASS_2A	NONE	Clean rerun leakage mechanism arrays
future_lfs_candidate	NOT_STORED_IN_PASS_2A	/mnt/NAS/data/hl5757/generated_artifacts/flowspec-vla/phase1_rerun/leakage/initial_m2.npz	45720744	8922c8958d596623a5fa2ce18d8f567b2c185b84fc25fe7aba735ef98e0463a7	NOT_STORED_IN_PASS_2A	NONE	Clean rerun leakage mechanism arrays
future_lfs_candidate	NOT_STORED_IN_PASS_2A	/mnt/NAS/data/hl5757/generated_artifacts/flowspec-vla/phase1_rerun/leakage/m0_seed520001.npz	56599805	2749a5bdd8ae7d389dca709116654ff3e43a50559e4b742699ba1de6e57b9bdc	NOT_STORED_IN_PASS_2A	NONE	Clean rerun leakage mechanism arrays
future_lfs_candidate	NOT_STORED_IN_PASS_2A	/mnt/NAS/data/hl5757/generated_artifacts/flowspec-vla/phase1_rerun/leakage/m0_seed520002.npz	56623392	6b1f608d74bed1278d558363f922867cfe7b22742c331a75b59cb73882929fb9	NOT_STORED_IN_PASS_2A	NONE	Clean rerun leakage mechanism arrays
future_lfs_candidate	NOT_STORED_IN_PASS_2A	/mnt/NAS/data/hl5757/generated_artifacts/flowspec-vla/phase1_rerun/leakage/m0_seed520003.npz	56586810	c5b6e4551b353caa626b0936d64eb2f773b92f082734922cc220b6ecf8345cff	NOT_STORED_IN_PASS_2A	NONE	Clean rerun leakage mechanism arrays
future_lfs_candidate	NOT_STORED_IN_PASS_2A	/mnt/NAS/data/hl5757/generated_artifacts/flowspec-vla/phase1_rerun/leakage/m1_seed520001.npz	57375885	afa56811a25c6340b485e2479bbc71a8d8654a2c60f0cd15643f3fa2f10fda8b	NOT_STORED_IN_PASS_2A	NONE	Clean rerun leakage mechanism arrays
future_lfs_candidate	NOT_STORED_IN_PASS_2A	/mnt/NAS/data/hl5757/generated_artifacts/flowspec-vla/phase1_rerun/leakage/m1_seed520002.npz	57373193	485fecf017a3d81a17d8b1c0260ad62b214a9bad34aeb9be5a359bb56d31a617	NOT_STORED_IN_PASS_2A	NONE	Clean rerun leakage mechanism arrays
future_lfs_candidate	NOT_STORED_IN_PASS_2A	/mnt/NAS/data/hl5757/generated_artifacts/flowspec-vla/phase1_rerun/leakage/m1_seed520003.npz	57367710	0170d207f5b2accd1c3028a3b85374d76a730a8160fd52d7aa0b9f5e8feec5c3	NOT_STORED_IN_PASS_2A	NONE	Clean rerun leakage mechanism arrays
future_lfs_candidate	NOT_STORED_IN_PASS_2A	/mnt/NAS/data/hl5757/generated_artifacts/flowspec-vla/phase1_rerun/leakage/m2_seed520001.npz	45721083	cf2b4373fd2f366d983f7a4f6369e97f060c3717553348c9308b3ebf7c105afa	NOT_STORED_IN_PASS_2A	NONE	Clean rerun leakage mechanism arrays
future_lfs_candidate	NOT_STORED_IN_PASS_2A	/mnt/NAS/data/hl5757/generated_artifacts/flowspec-vla/phase1_rerun/leakage/m2_seed520002.npz	45721556	0e0a34f3484079593ba6c7844f60a83f04ed11142e562e64adacde2afd7b165f	NOT_STORED_IN_PASS_2A	NONE	Clean rerun leakage mechanism arrays
future_lfs_candidate	NOT_STORED_IN_PASS_2A	/mnt/NAS/data/hl5757/generated_artifacts/flowspec-vla/phase1_rerun/leakage/m2_seed520003.npz	45724429	2c73a8b7d9a11f69fc61e0d14617469f3fa20930f19ed7ac00c6afe3fd82be70	NOT_STORED_IN_PASS_2A	NONE	Clean rerun leakage mechanism arrays
regenerable_upstream	NOT_STORED_IN_PASS_2A	upstream/lerobot	UNKNOWN_OR_MULTIPLE	NOT_APPLICABLE_OR_INVENTORIED_ELSEWHERE	NOT_STORED_IN_PASS_2A	NONE	LeRobot exact pinned checkout
regenerable_upstream	NOT_STORED_IN_PASS_2A	datasets/lerobot/libero	UNKNOWN_OR_MULTIPLE	NOT_APPLICABLE_OR_INVENTORIED_ELSEWHERE	NOT_STORED_IN_PASS_2A	NONE	pinned Hugging Face LIBERO dataset
regenerable_upstream	NOT_STORED_IN_PASS_2A	models/huggingface	UNKNOWN_OR_MULTIPLE	NOT_APPLICABLE_OR_INVENTORIED_ELSEWHERE	NOT_STORED_IN_PASS_2A	NONE	pinned upstream model snapshots
intentionally_omitted	NOT_STORED_IN_PASS_2A	checkpoints/**/complete_state.pt	UNKNOWN_OR_MULTIPLE	NOT_APPLICABLE_OR_INVENTORIED_ELSEWHERE	NOT_STORED_IN_PASS_2A	NONE	large full training-resume states
intentionally_omitted	NOT_STORED_IN_PASS_2A	generated_artifacts/**/logs	UNKNOWN_OR_MULTIPLE	NOT_APPLICABLE_OR_INVENTORIED_ELSEWHERE	NOT_STORED_IN_PASS_2A	NONE	large/transient runtime logs
environment_only	NOT_STORED_IN_PASS_2A	conda_envs/flowspec-vla	UNKNOWN_OR_MULTIPLE	NOT_APPLICABLE_OR_INVENTORIED_ELSEWHERE	NOT_STORED_IN_PASS_2A	NONE	nonportable historical venv
