original_path	size_bytes	sha256	scientific_role	aggregate_analysis_without_binary	archive_class
/mnt/NAS/data/hl5757/generated_artifacts/flowspec-vla/gate0/gate0a_raw_shard0.npz	29118944	cfb91823e7b08828678358101519adff08b13fadb3d29c8b2154271420fcda92	Gate-0 raw numerical audit	YES	future_lfs_candidate
/mnt/NAS/data/hl5757/generated_artifacts/flowspec-vla/gate0/gate0a_raw_shard1.npz	29121728	8537ab6b0de2e7583cc3dea3139db1baef5f0b24eb5b9063b9110c5e52e1dd45	Gate-0 raw numerical audit	YES	future_lfs_candidate
/mnt/NAS/data/hl5757/generated_artifacts/flowspec-vla/gate0/gate0b_frozen_data.pt	252116129	09b616fcd21cbc08ccc6e5ff8b23531a99226f84a7a21f4aa0423656a836233c	Gate-0 frozen/raw tensor evidence	YES	future_lfs_candidate
/mnt/NAS/data/hl5757/generated_artifacts/flowspec-vla/gate0/gate0b_randomness.pt	823181	1c4a3da6f0bcb96ef5f2937e93590238819595abffd216f2efe46df6cbe030b5	Gate-0 frozen/raw tensor evidence	YES	future_lfs_candidate
/mnt/NAS/data/hl5757/generated_artifacts/flowspec-vla/phase1_rerun/runs/m0_seed520001/validation_update00000.npz	716926	2369162e3f73e93d7bfd795ad951b1c1938b8013e7a397830bce1c55e5f6e0bb	Clean rerun physical validation arrays	YES	future_lfs_candidate
/mnt/NAS/data/hl5757/generated_artifacts/flowspec-vla/phase1_rerun/runs/m0_seed520001/validation_update00250.npz	721824	67f889660a37d843c362253645ba1b6800e9c4df9bd7aed895b8f375a413279d	Clean rerun physical validation arrays	YES	future_lfs_candidate
/mnt/NAS/data/hl5757/generated_artifacts/flowspec-vla/phase1_rerun/runs/m0_seed520001/validation_update00500.npz	722130	22817149dcf11e5cb02da82870465e480c3f1a144e9ff126deacc6e338398d48	Clean rerun physical validation arrays	YES	future_lfs_candidate
/mnt/NAS/data/hl5757/generated_artifacts/flowspec-vla/phase1_rerun/runs/m0_seed520001/validation_update01000.npz	722698	9c6ab9f97a5288bb9fc04a347535dbbde981c133bfbf6976ab382e47f5271d0c	Clean rerun physical validation arrays	YES	future_lfs_candidate
/mnt/NAS/data/hl5757/generated_artifacts/flowspec-vla/phase1_rerun/runs/m0_seed520001/validation_update02000.npz	723283	832786809fa6b41b3dfeb1d6836d2565733cb6ef69fa436cf69b5bbf68e5e494	Clean rerun physical validation arrays	YES	future_lfs_candidate
/mnt/NAS/data/hl5757/generated_artifacts/flowspec-vla/phase1_rerun/runs/m0_seed520001/validation_update03000.npz	723222	ab7871df9d91161d6349aab8f2810537aa0a574f2919e626260b0082fd6d465a	Clean rerun physical validation arrays	YES	future_lfs_candidate
/mnt/NAS/data/hl5757/generated_artifacts/flowspec-vla/phase1_rerun/runs/m0_seed520001/validation_update04000.npz	723343	d7fe7a7bdc528f45cc05827b0e017c366d39c75d7adc19f02bc5870eb10aa6f5	Clean rerun physical validation arrays	YES	future_lfs_candidate
/mnt/NAS/data/hl5757/generated_artifacts/flowspec-vla/phase1_rerun/runs/m0_seed520001/validation_update05000.npz	723331	cba746c7c0d5d24df4208b4b1c0b52d10675240bc394b45b980aecda039c1d4c	Clean rerun physical validation arrays	YES	future_lfs_candidate
/mnt/NAS/data/hl5757/generated_artifacts/flowspec-vla/phase1_rerun/runs/m0_seed520002/validation_update00000.npz	716926	2369162e3f73e93d7bfd795ad951b1c1938b8013e7a397830bce1c55e5f6e0bb	Clean rerun physical validation arrays	YES	future_lfs_candidate
/mnt/NAS/data/hl5757/generated_artifacts/flowspec-vla/phase1_rerun/runs/m0_seed520002/validation_update00250.npz	721922	5d8559f874678949395bbff43dc210cc5614a18a63560bcea1250f6d8408f1c5	Clean rerun physical validation arrays	YES	future_lfs_candidate
/mnt/NAS/data/hl5757/generated_artifacts/flowspec-vla/phase1_rerun/runs/m0_seed520002/validation_update00500.npz	722697	d5da57e3782aa565593595d8711d1fd08f435064f5272a812418a5eebb57f1ea	Clean rerun physical validation arrays	YES	future_lfs_candidate
/mnt/NAS/data/hl5757/generated_artifacts/flowspec-vla/phase1_rerun/runs/m0_seed520002/validation_update01000.npz	723129	87447902ebf68d289d753d5d2e0980055d338b818452b25f81cc1910c36ede4b	Clean rerun physical validation arrays	YES	future_lfs_candidate
/mnt/NAS/data/hl5757/generated_artifacts/flowspec-vla/phase1_rerun/runs/m0_seed520002/validation_update02000.npz	723101	51154b4cd788ed03eabf441a3d55afd3af53e2bb759ce0d4a09e42f6c2f08f88	Clean rerun physical validation arrays	YES	future_lfs_candidate
/mnt/NAS/data/hl5757/generated_artifacts/flowspec-vla/phase1_rerun/runs/m0_seed520002/validation_update03000.npz	723477	cef7bbea1f8d7ed4b53b0b86fefc66bce3052432e5f626f016bab12b031286eb	Clean rerun physical validation arrays	YES	future_lfs_candidate
/mnt/NAS/data/hl5757/generated_artifacts/flowspec-vla/phase1_rerun/runs/m0_seed520002/validation_update04000.npz	723364	220238c483b7cfe99586aca755bbd03b5882350bbc57f47878b0c16dc9bf2d5c	Clean rerun physical validation arrays	YES	future_lfs_candidate
/mnt/NAS/data/hl5757/generated_artifacts/flowspec-vla/phase1_rerun/runs/m0_seed520002/validation_update05000.npz	723285	95bd6ae2055777c41e5b122e21468c14d9c36ca3af9f3c5988a97a5611de122a	Clean rerun physical validation arrays	YES	future_lfs_candidate
/mnt/NAS/data/hl5757/generated_artifacts/flowspec-vla/phase1_rerun/runs/m0_seed520003/validation_update00000.npz	716926	2369162e3f73e93d7bfd795ad951b1c1938b8013e7a397830bce1c55e5f6e0bb	Clean rerun physical validation arrays	YES	future_lfs_candidate
/mnt/NAS/data/hl5757/generated_artifacts/flowspec-vla/phase1_rerun/runs/m0_seed520003/validation_update00250.npz	722355	9fac2c776da14bfb556e3c8ec4cae462b6f259979a73e18f140e12072b42f921	Clean rerun physical validation arrays	YES	future_lfs_candidate
/mnt/NAS/data/hl5757/generated_artifacts/flowspec-vla/phase1_rerun/runs/m0_seed520003/validation_update00500.npz	722625	e161c7f00c519d5b4cd7580aac8ff6ad694e1b36e6078683a8c91499b9c019b3	Clean rerun physical validation arrays	YES	future_lfs_candidate
/mnt/NAS/data/hl5757/generated_artifacts/flowspec-vla/phase1_rerun/runs/m0_seed520003/validation_update01000.npz	722867	95d4c18265731bfe7a39bf9710928342a84d091228a9136565dfae0e359f6437	Clean rerun physical validation arrays	YES	future_lfs_candidate
/mnt/NAS/data/hl5757/generated_artifacts/flowspec-vla/phase1_rerun/runs/m0_seed520003/validation_update02000.npz	723402	35e3cc2c1d139e7b9b61d9950fbc3a22b1e87668e0159cf24cebd66079948e1b	Clean rerun physical validation arrays	YES	future_lfs_candidate
/mnt/NAS/data/hl5757/generated_artifacts/flowspec-vla/phase1_rerun/runs/m0_seed520003/validation_update03000.npz	723467	2ed80daf786e9cc64ff58e2dcd1e5eb06bf2953ed1588a4a949f5302a0e35fbb	Clean rerun physical validation arrays	YES	future_lfs_candidate
/mnt/NAS/data/hl5757/generated_artifacts/flowspec-vla/phase1_rerun/runs/m0_seed520003/validation_update04000.npz	723316	e42debf0f730ffaac405f0149cfb09245461d988a4cf23f98e0e5a9e896002a3	Clean rerun physical validation arrays	YES	future_lfs_candidate
/mnt/NAS/data/hl5757/generated_artifacts/flowspec-vla/phase1_rerun/runs/m0_seed520003/validation_update05000.npz	723245	aedffbde66a7398601d7460cce7e59bcef64d498eb893519d984557d284e307e	Clean rerun physical validation arrays	YES	future_lfs_candidate
/mnt/NAS/data/hl5757/generated_artifacts/flowspec-vla/phase1_rerun/runs/m1_seed520001/validation_update00000.npz	716659	3453fe16cb2b5d99586fa3d9d8e1ddbac57039b82567b6c8cb857dc7c86c4808	Clean rerun physical validation arrays	YES	future_lfs_candidate
/mnt/NAS/data/hl5757/generated_artifacts/flowspec-vla/phase1_rerun/runs/m1_seed520001/validation_update00250.npz	722098	8596df03bb5586c0f62b2fd0ea5b38beff12c637c1880110baddfb2a80889e29	Clean rerun physical validation arrays	YES	future_lfs_candidate
/mnt/NAS/data/hl5757/generated_artifacts/flowspec-vla/phase1_rerun/runs/m1_seed520001/validation_update00500.npz	722316	13650763e6b2004d13d3a2d3768a2c3ff612b0f0ffbff6efbdb27af5c23fbd04	Clean rerun physical validation arrays	YES	future_lfs_candidate
/mnt/NAS/data/hl5757/generated_artifacts/flowspec-vla/phase1_rerun/runs/m1_seed520001/validation_update01000.npz	722992	494219b4ca8d67082f9cec45dd1d3c11d429135281d71491545101dc5b439c7a	Clean rerun physical validation arrays	YES	future_lfs_candidate
/mnt/NAS/data/hl5757/generated_artifacts/flowspec-vla/phase1_rerun/runs/m1_seed520001/validation_update02000.npz	723205	15fc8ea55cfe99266859cd5197e7d3ce37c5a08c2355f6f9330b63b17226fe5f	Clean rerun physical validation arrays	YES	future_lfs_candidate
/mnt/NAS/data/hl5757/generated_artifacts/flowspec-vla/phase1_rerun/runs/m1_seed520001/validation_update03000.npz	723455	2d73cdfafc91335c43d7bf226c3e2b6023a0e02ca9f4209f52a8bb56254e08b4	Clean rerun physical validation arrays	YES	future_lfs_candidate
/mnt/NAS/data/hl5757/generated_artifacts/flowspec-vla/phase1_rerun/runs/m1_seed520001/validation_update04000.npz	723468	5450cde62d7726f1d2967d30f61183534e716329350f85c4e53d8ed856c33889	Clean rerun physical validation arrays	YES	future_lfs_candidate
/mnt/NAS/data/hl5757/generated_artifacts/flowspec-vla/phase1_rerun/runs/m1_seed520001/validation_update05000.npz	723506	17c3083d19dc224a24e98a3142dfde9dbe6e2e83c48cd3f9ca1f63ce7c04f9da	Clean rerun physical validation arrays	YES	future_lfs_candidate
/mnt/NAS/data/hl5757/generated_artifacts/flowspec-vla/phase1_rerun/runs/m1_seed520002/validation_update00000.npz	716659	3453fe16cb2b5d99586fa3d9d8e1ddbac57039b82567b6c8cb857dc7c86c4808	Clean rerun physical validation arrays	YES	future_lfs_candidate
/mnt/NAS/data/hl5757/generated_artifacts/flowspec-vla/phase1_rerun/runs/m1_seed520002/validation_update00250.npz	721350	069c27d9ee4c1d818800469477116dd4442c78f4e40493cac692c9471857227e	Clean rerun physical validation arrays	YES	future_lfs_candidate
/mnt/NAS/data/hl5757/generated_artifacts/flowspec-vla/phase1_rerun/runs/m1_seed520002/validation_update00500.npz	722796	796669f5a33aa7c9f969aaae99e48193f355b4e9fbbebd7f52cfad2566f0c6ca	Clean rerun physical validation arrays	YES	future_lfs_candidate
/mnt/NAS/data/hl5757/generated_artifacts/flowspec-vla/phase1_rerun/runs/m1_seed520002/validation_update01000.npz	722985	cc8b7fe276df4cda204c5edccf1bab5c2538bc928f8112b056ecdf141a0893e0	Clean rerun physical validation arrays	YES	future_lfs_candidate
/mnt/NAS/data/hl5757/generated_artifacts/flowspec-vla/phase1_rerun/runs/m1_seed520002/validation_update02000.npz	723093	f35f59aa0430f4f53635470864b705d8f39b26a42907c0ea68c400bbdf45ef0a	Clean rerun physical validation arrays	YES	future_lfs_candidate
/mnt/NAS/data/hl5757/generated_artifacts/flowspec-vla/phase1_rerun/runs/m1_seed520002/validation_update03000.npz	723600	586bff404c9370cc4c85d0c364c3b8cb20bac813770ccee0d4a31f6783967777	Clean rerun physical validation arrays	YES	future_lfs_candidate
/mnt/NAS/data/hl5757/generated_artifacts/flowspec-vla/phase1_rerun/runs/m1_seed520002/validation_update04000.npz	723400	54cbc8143ae57e36229b5ad4c06b1f138b22ebcc6ce2a5864a663386d4acfb3b	Clean rerun physical validation arrays	YES	future_lfs_candidate
/mnt/NAS/data/hl5757/generated_artifacts/flowspec-vla/phase1_rerun/runs/m1_seed520002/validation_update05000.npz	723544	d5b44ea9cb1a6c718024d45d8ce354aed67b48b3b3de86846ed432982e5457e0	Clean rerun physical validation arrays	YES	future_lfs_candidate
/mnt/NAS/data/hl5757/generated_artifacts/flowspec-vla/phase1_rerun/runs/m1_seed520003/validation_update00000.npz	716659	3453fe16cb2b5d99586fa3d9d8e1ddbac57039b82567b6c8cb857dc7c86c4808	Clean rerun physical validation arrays	YES	future_lfs_candidate
/mnt/NAS/data/hl5757/generated_artifacts/flowspec-vla/phase1_rerun/runs/m1_seed520003/validation_update00250.npz	722328	b463357e201910e022cdc991969a791c2694fed9d2d82b73e27a075794497207	Clean rerun physical validation arrays	YES	future_lfs_candidate
/mnt/NAS/data/hl5757/generated_artifacts/flowspec-vla/phase1_rerun/runs/m1_seed520003/validation_update00500.npz	722376	6b30b4f54057ece60c0e79a263c952687dfead3c9b27723a3f0fcc778c89f209	Clean rerun physical validation arrays	YES	future_lfs_candidate
/mnt/NAS/data/hl5757/generated_artifacts/flowspec-vla/phase1_rerun/runs/m1_seed520003/validation_update01000.npz	723042	7d3251b32c7f979807698e539e14cc7ec7246c5cb0ff69afa2c885e8eee6bd25	Clean rerun physical validation arrays	YES	future_lfs_candidate
/mnt/NAS/data/hl5757/generated_artifacts/flowspec-vla/phase1_rerun/runs/m1_seed520003/validation_update02000.npz	723406	e4340bf90c00e343089816c6afb2a8f353188b8a509a05f266c91647b612afa8	Clean rerun physical validation arrays	YES	future_lfs_candidate
/mnt/NAS/data/hl5757/generated_artifacts/flowspec-vla/phase1_rerun/runs/m1_seed520003/validation_update03000.npz	723443	6c8f2ed2f3c5b47ef8434b9b4f8dc049234f3a62f540ea0f874e1e3703509e9d	Clean rerun physical validation arrays	YES	future_lfs_candidate
/mnt/NAS/data/hl5757/generated_artifacts/flowspec-vla/phase1_rerun/runs/m1_seed520003/validation_update04000.npz	723472	b6b79e1f4ad0b4189feecdd2a32b555118726f753d59436bf722b2eb95a3579f	Clean rerun physical validation arrays	YES	future_lfs_candidate
/mnt/NAS/data/hl5757/generated_artifacts/flowspec-vla/phase1_rerun/runs/m1_seed520003/validation_update05000.npz	723430	b3a72197225662b0aaa268e7d5b7a55fb11df036782fa65ae8eaba6ac057d0c2	Clean rerun physical validation arrays	YES	future_lfs_candidate
/mnt/NAS/data/hl5757/generated_artifacts/flowspec-vla/phase1_rerun/runs/m2_seed520001/validation_update00000.npz	716633	78c04adecb04c7660955d7f66a6cada80fe8a134727f90e629aaad83ba79582f	Clean rerun physical validation arrays	YES	future_lfs_candidate
/mnt/NAS/data/hl5757/generated_artifacts/flowspec-vla/phase1_rerun/runs/m2_seed520001/validation_update00250.npz	722092	46d46ed399b119aa3e0478316caf21ce960ebf8a8c2dd975ab03ff50cf1908e4	Clean rerun physical validation arrays	YES	future_lfs_candidate
/mnt/NAS/data/hl5757/generated_artifacts/flowspec-vla/phase1_rerun/runs/m2_seed520001/validation_update00500.npz	722197	1fe288a8ae32610d1f986b73297e7d1b1fd25280a7baf2a27152f192e5f88dfc	Clean rerun physical validation arrays	YES	future_lfs_candidate
/mnt/NAS/data/hl5757/generated_artifacts/flowspec-vla/phase1_rerun/runs/m2_seed520001/validation_update01000.npz	723034	3f0f53142075cdddf1558fbfe4b271dba17905d0bc96b749e2fabbfd6c308c75	Clean rerun physical validation arrays	YES	future_lfs_candidate
/mnt/NAS/data/hl5757/generated_artifacts/flowspec-vla/phase1_rerun/runs/m2_seed520001/validation_update02000.npz	723112	c7a12b731df464d62c4619213b1d31ead6d29454214f0d0065e059ac814391c3	Clean rerun physical validation arrays	YES	future_lfs_candidate
/mnt/NAS/data/hl5757/generated_artifacts/flowspec-vla/phase1_rerun/runs/m2_seed520001/validation_update03000.npz	723229	78c79a65a1420929965fa320bd12e32c71cac792aa552b64a9ab1fbe8e35d8e5	Clean rerun physical validation arrays	YES	future_lfs_candidate
/mnt/NAS/data/hl5757/generated_artifacts/flowspec-vla/phase1_rerun/runs/m2_seed520001/validation_update04000.npz	723184	33bbaee76b3c82cfe0112f8b8a445348f2058f536615e9c11e001ee61f02b7eb	Clean rerun physical validation arrays	YES	future_lfs_candidate
/mnt/NAS/data/hl5757/generated_artifacts/flowspec-vla/phase1_rerun/runs/m2_seed520001/validation_update05000.npz	723119	ebc2835c967aa0660354ad49c72168dce9f0b304113b24923dc618748b7bc924	Clean rerun physical validation arrays	YES	future_lfs_candidate
/mnt/NAS/data/hl5757/generated_artifacts/flowspec-vla/phase1_rerun/runs/m2_seed520002/validation_update00000.npz	716633	78c04adecb04c7660955d7f66a6cada80fe8a134727f90e629aaad83ba79582f	Clean rerun physical validation arrays	YES	future_lfs_candidate
/mnt/NAS/data/hl5757/generated_artifacts/flowspec-vla/phase1_rerun/runs/m2_seed520002/validation_update00250.npz	721393	e9f2c772156de3a94eb27d309a28c7800ab254ae191c76a3a52bf32d00449f4e	Clean rerun physical validation arrays	YES	future_lfs_candidate
/mnt/NAS/data/hl5757/generated_artifacts/flowspec-vla/phase1_rerun/runs/m2_seed520002/validation_update00500.npz	722714	d95c3ccdcf31e2695b5c2246d6fbfb7a87bb1cc3e16d45d834f08d64227f2adb	Clean rerun physical validation arrays	YES	future_lfs_candidate
/mnt/NAS/data/hl5757/generated_artifacts/flowspec-vla/phase1_rerun/runs/m2_seed520002/validation_update01000.npz	722917	59e309f43008e180bd2c24d44bc83b4dc07c73c670ab09bda031a58175e9de58	Clean rerun physical validation arrays	YES	future_lfs_candidate
/mnt/NAS/data/hl5757/generated_artifacts/flowspec-vla/phase1_rerun/runs/m2_seed520002/validation_update02000.npz	722989	5ab92a99277efd7aee9bb97a784826ba0273f03ae084315542fe7bd4eec6081c	Clean rerun physical validation arrays	YES	future_lfs_candidate
/mnt/NAS/data/hl5757/generated_artifacts/flowspec-vla/phase1_rerun/runs/m2_seed520002/validation_update03000.npz	723213	32d5c7e6e6fb75f264e8144ed56d0a273616cfa69b2e8991e1c756d0082a7996	Clean rerun physical validation arrays	YES	future_lfs_candidate
/mnt/NAS/data/hl5757/generated_artifacts/flowspec-vla/phase1_rerun/runs/m2_seed520002/validation_update04000.npz	723166	bc7f393b16bc48ae33747b9549c25917245b58c2414610b78cd52bc63bb5d79e	Clean rerun physical validation arrays	YES	future_lfs_candidate
/mnt/NAS/data/hl5757/generated_artifacts/flowspec-vla/phase1_rerun/runs/m2_seed520002/validation_update05000.npz	723365	b49d2e8caa29a8746ff5cebc3b6d977058c2f8ccac6846ee5cb7660d4508c22d	Clean rerun physical validation arrays	YES	future_lfs_candidate
/mnt/NAS/data/hl5757/generated_artifacts/flowspec-vla/phase1_rerun/runs/m2_seed520003/validation_update00000.npz	716633	78c04adecb04c7660955d7f66a6cada80fe8a134727f90e629aaad83ba79582f	Clean rerun physical validation arrays	YES	future_lfs_candidate
/mnt/NAS/data/hl5757/generated_artifacts/flowspec-vla/phase1_rerun/runs/m2_seed520003/validation_update00250.npz	722376	f25f8c9350f6a2ad9ec3f7c86ae057e45d5d8fcc878ff7b167cebe79aaa511b8	Clean rerun physical validation arrays	YES	future_lfs_candidate
/mnt/NAS/data/hl5757/generated_artifacts/flowspec-vla/phase1_rerun/runs/m2_seed520003/validation_update00500.npz	722293	f612c8ab2815bb080b03bf8a35f2cd3b1e10f97cc0d2830663bd7faf01502456	Clean rerun physical validation arrays	YES	future_lfs_candidate
/mnt/NAS/data/hl5757/generated_artifacts/flowspec-vla/phase1_rerun/runs/m2_seed520003/validation_update01000.npz	722896	87f6857ec7b391d9da55f58c34309f7ca8f858742e788a84d7c3fd762052b88d	Clean rerun physical validation arrays	YES	future_lfs_candidate
/mnt/NAS/data/hl5757/generated_artifacts/flowspec-vla/phase1_rerun/runs/m2_seed520003/validation_update02000.npz	723419	4e21fcff0d567c76bb4939a9ca60043401855f4589b8c8b695a672a3e7ad07d9	Clean rerun physical validation arrays	YES	future_lfs_candidate
/mnt/NAS/data/hl5757/generated_artifacts/flowspec-vla/phase1_rerun/runs/m2_seed520003/validation_update03000.npz	723401	3813518850012fd93078e55d16d4b07a466e6e8a0e58bd58e41d495c8fa160e5	Clean rerun physical validation arrays	YES	future_lfs_candidate
/mnt/NAS/data/hl5757/generated_artifacts/flowspec-vla/phase1_rerun/runs/m2_seed520003/validation_update04000.npz	723152	83755c16ce2259530f350370ebdf6d25ddf30c1923b3a0ce0bcda3e601ee64c7	Clean rerun physical validation arrays	YES	future_lfs_candidate
/mnt/NAS/data/hl5757/generated_artifacts/flowspec-vla/phase1_rerun/runs/m2_seed520003/validation_update05000.npz	722997	17f9e4bd932007155f68d279876ecfdf3a88a89e46d2b61dc12ae725dc3fee3c	Clean rerun physical validation arrays	YES	future_lfs_candidate
/mnt/NAS/data/hl5757/generated_artifacts/flowspec-vla/phase1_rerun/leakage/initial_m0.npz	56780961	463b81c33d3282188c03bad2095999a91e43c3f091ed63a49d61069717b762a4	Clean rerun leakage mechanism arrays	YES	future_lfs_candidate
/mnt/NAS/data/hl5757/generated_artifacts/flowspec-vla/phase1_rerun/leakage/initial_m1.npz	56776188	0808010612ce1e901607f1225d05af022a2338c56e89695e511116b81508f3e6	Clean rerun leakage mechanism arrays	YES	future_lfs_candidate
/mnt/NAS/data/hl5757/generated_artifacts/flowspec-vla/phase1_rerun/leakage/initial_m2.npz	45720744	8922c8958d596623a5fa2ce18d8f567b2c185b84fc25fe7aba735ef98e0463a7	Clean rerun leakage mechanism arrays	YES	future_lfs_candidate
/mnt/NAS/data/hl5757/generated_artifacts/flowspec-vla/phase1_rerun/leakage/m0_seed520001.npz	56599805	2749a5bdd8ae7d389dca709116654ff3e43a50559e4b742699ba1de6e57b9bdc	Clean rerun leakage mechanism arrays	YES	future_lfs_candidate
/mnt/NAS/data/hl5757/generated_artifacts/flowspec-vla/phase1_rerun/leakage/m0_seed520002.npz	56623392	6b1f608d74bed1278d558363f922867cfe7b22742c331a75b59cb73882929fb9	Clean rerun leakage mechanism arrays	YES	future_lfs_candidate
/mnt/NAS/data/hl5757/generated_artifacts/flowspec-vla/phase1_rerun/leakage/m0_seed520003.npz	56586810	c5b6e4551b353caa626b0936d64eb2f773b92f082734922cc220b6ecf8345cff	Clean rerun leakage mechanism arrays	YES	future_lfs_candidate
/mnt/NAS/data/hl5757/generated_artifacts/flowspec-vla/phase1_rerun/leakage/m1_seed520001.npz	57375885	afa56811a25c6340b485e2479bbc71a8d8654a2c60f0cd15643f3fa2f10fda8b	Clean rerun leakage mechanism arrays	YES	future_lfs_candidate
/mnt/NAS/data/hl5757/generated_artifacts/flowspec-vla/phase1_rerun/leakage/m1_seed520002.npz	57373193	485fecf017a3d81a17d8b1c0260ad62b214a9bad34aeb9be5a359bb56d31a617	Clean rerun leakage mechanism arrays	YES	future_lfs_candidate
/mnt/NAS/data/hl5757/generated_artifacts/flowspec-vla/phase1_rerun/leakage/m1_seed520003.npz	57367710	0170d207f5b2accd1c3028a3b85374d76a730a8160fd52d7aa0b9f5e8feec5c3	Clean rerun leakage mechanism arrays	YES	future_lfs_candidate
/mnt/NAS/data/hl5757/generated_artifacts/flowspec-vla/phase1_rerun/leakage/m2_seed520001.npz	45721083	cf2b4373fd2f366d983f7a4f6369e97f060c3717553348c9308b3ebf7c105afa	Clean rerun leakage mechanism arrays	YES	future_lfs_candidate
/mnt/NAS/data/hl5757/generated_artifacts/flowspec-vla/phase1_rerun/leakage/m2_seed520002.npz	45721556	0e0a34f3484079593ba6c7844f60a83f04ed11142e562e64adacde2afd7b165f	Clean rerun leakage mechanism arrays	YES	future_lfs_candidate
/mnt/NAS/data/hl5757/generated_artifacts/flowspec-vla/phase1_rerun/leakage/m2_seed520003.npz	45724429	2c73a8b7d9a11f69fc61e0d14617469f3fa20930f19ed7ac00c6afe3fd82be70	Clean rerun leakage mechanism arrays	YES	future_lfs_candidate
