state_ordinal,task_index,dataset_index,rms_pad_standardized,rms_valid_standardized,variance_ratio,max_pairwise_rms_standardized,rms_pad_raw_physical,zero_pad_rms_standardized
0,0,12,0.010754230432212353,0.033380065113306046,0.10379688441753387,0.020938167348504066,0.0045072645880281925,0.015860356390476227
1,0,25,0.010085047222673893,0.03228834271430969,0.09755831956863403,0.016899874433875084,0.003032252425327897,0.016609705984592438
2,0,37,0.011341124773025513,0.03770917281508446,0.09045201539993286,0.0192656759172678,0.003068925580009818,0.020219333469867706
3,0,50,0.013900983147323132,0.0562293566763401,0.06111739203333855,0.025638649240136147,0.003515527816489339,0.11726212501525879
4,0,62,0.0158542450517416,0.06356798112392426,0.06220342218875885,0.030904579907655716,0.003921355586498976,0.02269177883863449
5,0,75,0.01605580747127533,0.07141847163438797,0.05054093152284622,0.030396416783332825,0.0037156955804675817,0.02417237125337124
6,0,87,0.01460573822259903,0.06524963676929474,0.050106119364500046,0.02598840370774269,0.003624534234404564,0.029290812090039253
7,0,100,0.013166503980755806,0.05001074820756912,0.0693129301071167,0.02360420487821102,0.0032531162723898888,0.024095017462968826
8,0,112,0.05168098583817482,0.04436466470360756,1.3570228815078735,0.10944734513759613,0.04998933523893356,0.01942974328994751
9,0,125,0.010117821395397186,0.0633380115032196,0.025517916306853294,0.01686795987188816,0.0028837663121521473,0.017939018085598946
10,0,137,0.010885365307331085,0.034138839691877365,0.10166899859905243,0.019341392442584038,0.0028671224135905504,0.01853768713772297
11,0,150,0.009987452998757362,0.05109834298491478,0.038202859461307526,0.017017744481563568,0.003020454663783312,0.014939840883016586
12,0,162,0.010054509155452251,0.038697365671396255,0.06750857830047607,0.01692882739007473,0.0028653123881667852,0.10828089714050293
13,0,175,0.009601770900189877,0.03264085575938225,0.08653256297111511,0.016015194356441498,0.0028329200576990843,0.10758377611637115
14,0,187,0.008238210342824459,0.04517475143074989,0.03325631842017174,0.012923194095492363,0.002629804890602827,0.014356011524796486
15,0,200,0.0068383715115487576,0.024861589074134827,0.07565673440694809,0.011380195617675781,0.0021607750095427036,0.010425018146634102
16,10,101475,0.014195471070706844,0.06323686242103577,0.05039168894290924,0.024245722219347954,0.0034877080470323563,0.027448326349258423
17,10,101482,0.05603443458676338,0.04664336144924164,1.4432123899459839,0.1136322095990181,0.05225206911563873,0.026766616851091385
18,10,101488,0.01264059916138649,0.04674633964896202,0.07312066107988358,0.021717965602874756,0.0034184791147708893,0.022128401324152946
19,10,101495,0.012112520635128021,0.043984707444906235,0.07583428919315338,0.020344823598861694,0.0033485430758446455,0.020742878317832947
20,10,101501,0.01236782781779766,0.04505670815706253,0.07534734159708023,0.02025376632809639,0.003389964811503887,0.02042471244931221
21,10,101508,0.012402626685798168,0.044991884380578995,0.07599044591188431,0.02108280174434185,0.0033017301466315985,0.01966632716357708
22,10,101514,0.012452270835638046,0.04569714516401291,0.0742538571357727,0.021687529981136322,0.003311552805826068,0.021249638870358467
23,10,101521,0.012572110630571842,0.05022207275032997,0.06266529113054276,0.02171769179403782,0.0033305506221950054,0.11234194040298462
24,10,101527,0.012317614629864693,0.048804182559251785,0.06369995325803757,0.0198629479855299,0.0032944141421467066,0.027598673477768898
25,10,101534,0.01219450868666172,0.05271843075752258,0.05350614711642265,0.019146354869008064,0.003186485031619668,0.1115109845995903
26,10,101540,0.01168457418680191,0.04539487510919571,0.06625400483608246,0.01967470347881317,0.003100526751950383,0.11049914360046387
27,10,101547,0.011213523335754871,0.04168561473488808,0.07236219942569733,0.01918652467429638,0.0029576036613434553,0.10927862673997879
28,10,101553,0.010099377483129501,0.039615191519260406,0.06499286741018295,0.01760372333228588,0.0026830097194761038,0.01586005836725235
29,10,101560,0.008608534000813961,0.03596047684550285,0.05730697512626648,0.014384445734322071,0.0022767989430576563,0.014045153744518757
30,10,101566,0.008333311416208744,0.03459551930427551,0.058022383600473404,0.01701868511736393,0.002349408809095621,0.011846257373690605
31,10,101573,0.00585006270557642,0.021860601380467415,0.07161382585763931,0.010247196070849895,0.0017269398085772991,0.008846407756209373
32,20,153519,0.00947296991944313,0.04347527399659157,0.04747748002409935,0.01661260984838009,0.0026636715047061443,0.016658678650856018
33,20,153527,0.009083115495741367,0.034968968480825424,0.06746897101402283,0.014251641929149628,0.0026583324652165174,0.01629684679210186
34,20,153536,0.0299938153475523,0.05874042212963104,0.26072898507118225,0.11492247879505157,0.026646871119737625,0.02150803990662098
35,20,153544,0.008968522772192955,0.032789040356874466,0.07481427490711212,0.015522929839789867,0.0026478536892682314,0.014593314379453659
36,20,153552,0.008377221412956715,0.02942523919045925,0.0810512974858284,0.014468611218035221,0.0025441711768507957,0.016583377495408058
37,20,153561,0.007964754477143288,0.03981981799006462,0.040007952600717545,0.013546798378229141,0.002504202537238598,0.014321163296699524
38,20,153569,0.007729777600616217,0.03041648492217064,0.06458266824483871,0.013974685221910477,0.00246209348551929,0.014562330208718777
39,20,153577,0.007776024751365185,0.029237059876322746,0.07073719799518585,0.013144430704414845,0.0024132782127708197,0.013616619631648064
40,20,153586,0.008043888956308365,0.0302282627671957,0.07081182301044464,0.014000502415001392,0.002468422520905733,0.015190858393907547
41,20,153594,0.008886801078915596,0.047869373112916946,0.03446477651596069,0.014577480964362621,0.0027395705692470074,0.015184817835688591
42,20,153602,0.00925340224057436,0.031228331848978996,0.08780217170715332,0.015838146209716797,0.0027946082409471273,0.014674470759928226
43,20,153611,0.008862311020493507,0.05341479927301407,0.02752775512635708,0.01456532534211874,0.0026576966047286987,0.11210738867521286
44,20,153619,0.008974009193480015,0.029687995091080666,0.09137161076068878,0.015441098250448704,0.002582589164376259,0.1113928034901619
45,20,153627,0.008208151906728745,0.03829052299261093,0.04595239460468292,0.014966754242777824,0.0024510470684617758,0.11005295068025589
46,20,153636,0.007691334933042526,0.037925176322460175,0.041129011660814285,0.02022278867661953,0.002385430270805955,0.008577778935432434
47,20,153644,0.005199470091611147,0.02065691538155079,0.06335592269897461,0.010399638675153255,0.0016578782815486193,0.007600370794534683
48,30,220501,0.010464913211762905,0.04488864168524742,0.05434984713792801,0.017082927748560905,0.0030517929699271917,0.01789320632815361
49,30,220507,0.01084117777645588,0.04223889485001564,0.06587609648704529,0.017463529482483864,0.0030769638251513243,0.01780383102595806
50,30,220514,0.011986237950623035,0.045286670327186584,0.07005272805690765,0.01976640336215496,0.0033431376796215773,0.021844375878572464
51,30,220520,0.011898566037416458,0.04349641501903534,0.07483112812042236,0.019610077142715454,0.003287001047283411,0.017253641039133072
52,30,220527,0.011042336001992226,0.04431549087166786,0.06208844855427742,0.01769341714680195,0.0030866046436131,0.01832784153521061
53,30,220533,0.010487751103937626,0.043075863271951675,0.05927843973040581,0.017651673406362534,0.0031157496850937605,0.02368365041911602
54,30,220539,0.011043657548725605,0.04403205215930939,0.06290540099143982,0.01785355992615223,0.003049261635169387,0.02062745951116085
55,30,220546,0.011180084198713303,0.044402770698070526,0.06339719891548157,0.021575916558504105,0.0031431936658918858,0.0184626467525959
56,30,220552,0.011632829904556274,0.05535474419593811,0.04416325315833092,0.02167600207030773,0.0031472588889300823,0.10470809042453766
57,30,220559,0.010475551709532738,0.0565371997654438,0.034330904483795166,0.018612351268529892,0.003035341389477253,0.10854075849056244
58,30,220565,0.009677412919700146,0.03657728433609009,0.06999962031841278,0.017366478219628334,0.0028011181857436895,0.016477933153510094
59,30,220571,0.008327201008796692,0.034785885363817215,0.05730491876602173,0.014663547277450562,0.0025691823102533817,0.015262361615896225
60,30,220578,0.00852180365473032,0.03303487226366997,0.06654535979032516,0.01420865673571825,0.002581157023087144,0.11098948121070862
61,30,220584,0.008579297922551632,0.03228900954127312,0.07059827446937561,0.014932960271835327,0.002576720668002963,0.1108577623963356
62,30,220591,0.0518321767449379,0.0454840250313282,1.2986171245574951,0.10961152613162994,0.05064484849572182,0.009554686024785042
63,30,220597,0.006579178385436535,0.05284057557582855,0.015502733178436756,0.011871345341205597,0.002119847107678652,0.010889130644500256
